"cuenta","nombre_cuenta","nombre_entidad","valor"
"100000","ACTIVO","BANCIEN S.A.","1639420691042.09"
"100000","ACTIVO","ITAU COLOMBIA S.A.","27294183967798.2"
"100000","ACTIVO","COOPKENNEDY","1160768155172.3"
"100000","ACTIVO","PAGOS INTERNACIONALES","46052530049.05"
"100000","ACTIVO","BANCO AGRARIO DE COLOMBIA S.A.","28123776121577.37"
"100000","ACTIVO","BANCOLOMBIA S.A.","186787586731437.25"
"100000","ACTIVO","COLTEFINANCIERA S.A.","715498230556.51"
"100000","ACTIVO","CREDIFAMILIA COPAÑIA DE FINANC S.A.","499201534666.1"
"100000","ACTIVO","GIROS Y FINANZAS  S.A. C.F","903604635976.81"
"100000","ACTIVO","FINANCIERA JURISCOOP S.A.","1155859186030.11"
"100000","ACTIVO","BANCO W S.A.","2228047974868.61"
"100000","ACTIVO","BANCO SANTANDER","4015850045117.08"
"100000","ACTIVO","CONFIAR COOPERATIVA FINANCIERA","1220943969167"
"100000","ACTIVO","LA HIPOTECARIA COMPAÑÍA DE FIN S.A.","376957134946.75"
"100000","ACTIVO","BANCO SERFINANZA S.A.","2124227754789.42"
"100000","ACTIVO","BANCO GNB SUDAMERIS S.A.","31487424551418.23"
"100000","ACTIVO","COOP FINANC EMPRESAS PUBL COOFINEP","281412222007"
"100000","ACTIVO","BANCO DE OCCIDENTE S.A.","43009001032149.97"
"100000","ACTIVO","BANCO CAJA SOCIAL S.A.","16159639021403.3"
"100000","ACTIVO","BANCO FALABELLA S.A.","4335132459828"
"100000","ACTIVO","BANCO MUNDO MUJER S.A.","2170462321518.58"
"100000","ACTIVO","IRIS CF COMPAÑIA DE FINANCIAMIEN SA","429972966556.01"
"100000","ACTIVO","BANCO COOMEVA S.A.","4268531735702"
"100000","ACTIVO","COMPAÑIA DE FINANCIAMIENTO TUYA S.A","3247296010333.81"
"100000","ACTIVO","SCOTIABANK COLPATRIA S.A.","34383031662766.6"
"100000","ACTIVO","COTRAFA COOPERATIVA FINANCIERA","928824002949"
"100000","ACTIVO","GM FINANCIAL COLOMBIA S.A.","2047445379085"
"100000","ACTIVO","COOPERATIVA FINANCIERA DE ANTIOQUIA","554819882644.29"
"100000","ACTIVO","BANCO FINANDINA S.A.","2189234620345.18"
"100000","ACTIVO","RCI COLOMBIA S.A. COMPAÑIA DE FINAN","2272980034133.64"
"100000","ACTIVO","CITIBANK - COLOMBIA","10236302605484.57"
"100000","ACTIVO","BANCO POPULAR","27084930589568.1"
"100000","ACTIVO","EL BANCO COOPERATIVO COOPCENTRAL","1072461533211.85"
"100000","ACTIVO","CREZCAMOS COMPAÑIA DE FINANCIA S.A.","421046765865.06"
"100000","ACTIVO","BANCO DE BOGOTA S.A.","108490629633900.23"
"100000","ACTIVO","BANCO COMERCIAL AV VILLAS S.A.","15673202444125.89"
"100000","ACTIVO","BBVA COLOMBIA S.A.","70364271091776.66"
"100000","ACTIVO","BANCO DAVIVIENDA S.A.","107821533909254.5"
"100000","ACTIVO","BANCAMIA S.A.","1873096593426.39"
"100000","ACTIVO","BANCO PICHINCHA S.A.","2840807998748.35"
"100000","ACTIVO","MI BANCO S.A.","1174088368601.9"
"110000","EFECTIVO","BANCO MUNDO MUJER S.A.","238251643453.8"
"110000","EFECTIVO","COMPAÑIA DE FINANCIAMIENTO TUYA S.A","471970246063.57"
"110000","EFECTIVO","EL BANCO COOPERATIVO COOPCENTRAL","143209302725.98"
"110000","EFECTIVO","BANCIEN S.A.","251844957057.89"
"110000","EFECTIVO","BANCO COMERCIAL AV VILLAS S.A.","820017160592.27"
"110000","EFECTIVO","BANCO DAVIVIENDA S.A.","4905200406939.03"
"110000","EFECTIVO","CONFIAR COOPERATIVA FINANCIERA","195330112860"
"110000","EFECTIVO","BANCO POPULAR","1240890032930.01"
"110000","EFECTIVO","COLTEFINANCIERA S.A.","63544601449.29"
"110000","EFECTIVO","MI BANCO S.A.","123900974382.76"
"110000","EFECTIVO","BANCO SERFINANZA S.A.","305543470311.17"
"110000","EFECTIVO","BANCOLOMBIA S.A.","10136144727161.74"
"110000","EFECTIVO","BANCO GNB SUDAMERIS S.A.","2346586510503.38"
"110000","EFECTIVO","LA HIPOTECARIA COMPAÑÍA DE FIN S.A.","79025523945.58"
"110000","EFECTIVO","COOPERATIVA FINANCIERA DE ANTIOQUIA","117517961664.36"
"110000","EFECTIVO","BANCO AGRARIO DE COLOMBIA S.A.","1228464361556"
"110000","EFECTIVO","BANCO W S.A.","213256387068.31"
"110000","EFECTIVO","CREDIFAMILIA COPAÑIA DE FINANC S.A.","13489593190.49"
"110000","EFECTIVO","BANCO DE BOGOTA S.A.","11954280580256.21"
"110000","EFECTIVO","FINANCIERA JURISCOOP S.A.","180770533260.75"
"110000","EFECTIVO","CREZCAMOS COMPAÑIA DE FINANCIA S.A.","17309638037.71"
"110000","EFECTIVO","GM FINANCIAL COLOMBIA S.A.","57568707964"
"110000","EFECTIVO","BANCO COOMEVA S.A.","233096365388"
"110000","EFECTIVO","PAGOS INTERNACIONALES","32507004408.55"
"110000","EFECTIVO","BANCO DE OCCIDENTE S.A.","4277737572432.46"
"110000","EFECTIVO","BANCO FALABELLA S.A.","135499856693"
"110000","EFECTIVO","COOP FINANC EMPRESAS PUBL COOFINEP","35219140925"
"110000","EFECTIVO","BANCO SANTANDER","356685290678.01"
"110000","EFECTIVO","BANCO CAJA SOCIAL S.A.","1960056698202.92"
"110000","EFECTIVO","BANCO FINANDINA S.A.","156910069746.93"
"110000","EFECTIVO","CITIBANK - COLOMBIA","1277396988083.35"
"110000","EFECTIVO","SCOTIABANK COLPATRIA S.A.","1867540959643.88"
"110000","EFECTIVO","BANCO PICHINCHA S.A.","183802831668.31"
"110000","EFECTIVO","GIROS Y FINANZAS  S.A. C.F","218837972067.68"
"110000","EFECTIVO","COOPKENNEDY","237462434016.93"
"110000","EFECTIVO","RCI COLOMBIA S.A. COMPAÑIA DE FINAN","69559777752.94"
"110000","EFECTIVO","BANCAMIA S.A.","220710939246.28"
"110000","EFECTIVO","IRIS CF COMPAÑIA DE FINANCIAMIEN SA","63786701458.5"
"110000","EFECTIVO","COTRAFA COOPERATIVA FINANCIERA","166173501856"
"110000","EFECTIVO","ITAU COLOMBIA S.A.","1018527158227.22"
"110000","EFECTIVO","BBVA COLOMBIA S.A.","5360329866694.25"
"110500","CAJA","BANCO DE OCCIDENTE S.A.","566861300976.62"
"110500","CAJA","EL BANCO COOPERATIVO COOPCENTRAL","27898439377"
"110500","CAJA","BANCO COMERCIAL AV VILLAS S.A.","546944677145.06"
"110500","CAJA","BANCOLOMBIA S.A.","5781687801295.28"
"110500","CAJA","BANCO FALABELLA S.A.","57072919837"
"110500","CAJA","BANCO SERFINANZA S.A.","12611288333.01"
"110500","CAJA","GIROS Y FINANZAS  S.A. C.F","61496012673.94"
"110500","CAJA","IRIS CF COMPAÑIA DE FINANCIAMIEN SA","1900000"
"110500","CAJA","BANCO CAJA SOCIAL S.A.","612813544309.38"
"110500","CAJA","BANCO DAVIVIENDA S.A.","2161029635961.37"
"110500","CAJA","BANCIEN S.A.","1975949700"
"110500","CAJA","BANCAMIA S.A.","41323956499"
"110500","CAJA","MI BANCO S.A.","32992986330.63"
"110500","CAJA","FINANCIERA JURISCOOP S.A.","15260197258"
"110500","CAJA","RCI COLOMBIA S.A. COMPAÑIA DE FINAN","105000000"
"110500","CAJA","COOPERATIVA FINANCIERA DE ANTIOQUIA","6013039032"
"110500","CAJA","BANCO GNB SUDAMERIS S.A.","328758586301.49"
"110500","CAJA","SCOTIABANK COLPATRIA S.A.","495144615619.61"
"110500","CAJA","BANCO COOMEVA S.A.","56531499573"
"110500","CAJA","BANCO POPULAR","916208887587.22"
"110500","CAJA","CREDIFAMILIA COPAÑIA DE FINANC S.A.","1600000"
"110500","CAJA","BANCO PICHINCHA S.A.","34876284039.84"
"110500","CAJA","BANCO DE BOGOTA S.A.","1829697936756.6"
"110500","CAJA","LA HIPOTECARIA COMPAÑÍA DE FIN S.A.","2000000"
"110500","CAJA","BANCO AGRARIO DE COLOMBIA S.A.","1047812863355.62"
"110500","CAJA","BANCO W S.A.","26341845596"
"110500","CAJA","PAGOS INTERNACIONALES","277905400"
"110500","CAJA","ITAU COLOMBIA S.A.","196243379339.81"
"110500","CAJA","CONFIAR COOPERATIVA FINANCIERA","12997688305"
"110500","CAJA","COOPKENNEDY","2537196872.86"
"110500","CAJA","BBVA COLOMBIA S.A.","2486793373202.91"
"110500","CAJA","CITIBANK - COLOMBIA","96142039566.97"
"110500","CAJA","COMPAÑIA DE FINANCIAMIENTO TUYA S.A","1850000"
"110500","CAJA","BANCO SANTANDER","182238556.4"
"110500","CAJA","COTRAFA COOPERATIVA FINANCIERA","5430417104"
"110500","CAJA","BANCO MUNDO MUJER S.A.","23102109889.98"
"110500","CAJA","CREZCAMOS COMPAÑIA DE FINANCIA S.A.","5797202849.81"
"110500","CAJA","COOP FINANC EMPRESAS PUBL COOFINEP","1659510002"
"110500","CAJA","COLTEFINANCIERA S.A.","1172447978.16"
"110500","CAJA","GM FINANCIAL COLOMBIA S.A.","1000000"
"110500","CAJA","BANCO FINANDINA S.A.","423001497"
"110505","EFECTIVO","COOP FINANC EMPRESAS PUBL COOFINEP","1561047550"
"110505","EFECTIVO","BANCO SANTANDER","181238556.4"
"110505","EFECTIVO","BANCO W S.A.","26321207495"
"110505","EFECTIVO","BANCO GNB SUDAMERIS S.A.","328756317801.49"
"110505","EFECTIVO","COLTEFINANCIERA S.A.","1169323010.16"
"110505","EFECTIVO","SCOTIABANK COLPATRIA S.A.","495112957619.61"
"110505","EFECTIVO","BANCO PICHINCHA S.A.","34861766897.84"
"110505","EFECTIVO","COTRAFA COOPERATIVA FINANCIERA","4639121775"
"110505","EFECTIVO","BANCO DAVIVIENDA S.A.","2161029635961.37"
"110505","EFECTIVO","CREZCAMOS COMPAÑIA DE FINANCIA S.A.","5669120836.81"
"110505","EFECTIVO","BANCO FALABELLA S.A.","53614977269"
"110505","EFECTIVO","BANCOLOMBIA S.A.","5781680664781.28"
"110505","EFECTIVO","GIROS Y FINANZAS  S.A. C.F","61487112673.94"
"110505","EFECTIVO","BANCO CAJA SOCIAL S.A.","612788210849.38"
"110505","EFECTIVO","EL BANCO COOPERATIVO COOPCENTRAL","27891316985"
"110505","EFECTIVO","CONFIAR COOPERATIVA FINANCIERA","12687606652"
"110505","EFECTIVO","COOPKENNEDY","2109940900"
"110505","EFECTIVO","BANCO FINANDINA S.A.","287107200"
"110505","EFECTIVO","BBVA COLOMBIA S.A.","2486782090849.91"
"110505","EFECTIVO","ITAU COLOMBIA S.A.","196242279339.81"
"110505","EFECTIVO","BANCO COOMEVA S.A.","56515699573"
"110505","EFECTIVO","BANCIEN S.A.","1975449700"
"110505","EFECTIVO","PAGOS INTERNACIONALES","277905400"
"110505","EFECTIVO","BANCO DE OCCIDENTE S.A.","566828946108.62"
"110505","EFECTIVO","BANCO AGRARIO DE COLOMBIA S.A.","1047737051194.64"
"110505","EFECTIVO","COOPERATIVA FINANCIERA DE ANTIOQUIA","5603450569"
"110505","EFECTIVO","BANCO POPULAR","916205687587.22"
"110505","EFECTIVO","BANCO DE BOGOTA S.A.","1829658692908.74"
"110505","EFECTIVO","BANCO SERFINANZA S.A.","12604111400"
"110505","EFECTIVO","MI BANCO S.A.","32812219654.63"
"110505","EFECTIVO","BANCO COMERCIAL AV VILLAS S.A.","546904147145.06"
"110505","EFECTIVO","RCI COLOMBIA S.A. COMPAÑIA DE FINAN","105000000"
"110505","EFECTIVO","FINANCIERA JURISCOOP S.A.","14400740168"
"110505","EFECTIVO","BANCAMIA S.A.","41317036499"
"110505","EFECTIVO","BANCO MUNDO MUJER S.A.","22831533629"
"110505","EFECTIVO","CITIBANK - COLOMBIA","96142039566.97"
"110510","CHEQUES","BANCO W S.A.","17638101"
"110510","CHEQUES","COOPKENNEDY","410577572.86"
"110510","CHEQUES","COOP FINANC EMPRESAS PUBL COOFINEP","90362452"
"110510","CHEQUES","CONFIAR COOPERATIVA FINANCIERA","281547653"
"110510","CHEQUES","BANCO MUNDO MUJER S.A.","193676260.98"
"110510","CHEQUES","MI BANCO S.A.","156351676"
"110510","CHEQUES","BANCO FALABELLA S.A.","3424506699"
"110510","CHEQUES","BANCO FINANDINA S.A.","135894297"
"110510","CHEQUES","FINANCIERA JURISCOOP S.A.","820489588"
"110510","CHEQUES","COOPERATIVA FINANCIERA DE ANTIOQUIA","401384912"
"110510","CHEQUES","BANCOLOMBIA S.A.","0"
"110510","CHEQUES","COTRAFA COOPERATIVA FINANCIERA","758140329"
"110510","CHEQUES","CREZCAMOS COMPAÑIA DE FINANCIA S.A.","128082013"
"110520","CAJA MENOR","LA HIPOTECARIA COMPAÑÍA DE FIN S.A.","2000000"
"110520","CAJA MENOR","FINANCIERA JURISCOOP S.A.","38967502"
"110520","CAJA MENOR","BANCO DE BOGOTA S.A.","39243847.86"
"110520","CAJA MENOR","BBVA COLOMBIA S.A.","11282353"
"110520","CAJA MENOR","BANCO CAJA SOCIAL S.A.","25333460"
"110520","CAJA MENOR","BANCO POPULAR","3200000"
"110520","CAJA MENOR","BANCO MUNDO MUJER S.A.","76900000"
"110520","CAJA MENOR","BANCIEN S.A.","500000"
"110520","CAJA MENOR","BANCAMIA S.A.","6920000"
"110520","CAJA MENOR","BANCO COOMEVA S.A.","15800000"
"110520","CAJA MENOR","MI BANCO S.A.","24415000"
"110520","CAJA MENOR","GIROS Y FINANZAS  S.A. C.F","8900000"
"110520","CAJA MENOR","SCOTIABANK COLPATRIA S.A.","31658000"
"110520","CAJA MENOR","COLTEFINANCIERA S.A.","3124968"
"110520","CAJA MENOR","BANCO SERFINANZA S.A.","7176933.01"
"110520","CAJA MENOR","BANCO PICHINCHA S.A.","14517142"
"110520","CAJA MENOR","GM FINANCIAL COLOMBIA S.A.","1000000"
"110520","CAJA MENOR","BANCO DE OCCIDENTE S.A.","32354868"
"110520","CAJA MENOR","BANCO GNB SUDAMERIS S.A.","2268500"
"110520","CAJA MENOR","COOPERATIVA FINANCIERA DE ANTIOQUIA","8203551"
"110520","CAJA MENOR","BANCO FALABELLA S.A.","33435869"
"110520","CAJA MENOR","COOPKENNEDY","16678400"
"110520","CAJA MENOR","ITAU COLOMBIA S.A.","1100000"
"110520","CAJA MENOR","BANCO AGRARIO DE COLOMBIA S.A.","75812160.98"
"110520","CAJA MENOR","BANCOLOMBIA S.A.","7136514"
"110520","CAJA MENOR","CREDIFAMILIA COPAÑIA DE FINANC S.A.","1600000"
"110520","CAJA MENOR","COTRAFA COOPERATIVA FINANCIERA","33155000"
"110520","CAJA MENOR","BANCO COMERCIAL AV VILLAS S.A.","40530000"
"110520","CAJA MENOR","BANCO SANTANDER","1000000"
"110520","CAJA MENOR","EL BANCO COOPERATIVO COOPCENTRAL","7122392"
"110520","CAJA MENOR","BANCO W S.A.","3000000"
"110520","CAJA MENOR","CONFIAR COOPERATIVA FINANCIERA","28534000"
"110520","CAJA MENOR","COOP FINANC EMPRESAS PUBL COOFINEP","8100000"
"110520","CAJA MENOR","IRIS CF COMPAÑIA DE FINANCIAMIEN SA","1900000"
"110520","CAJA MENOR","COMPAÑIA DE FINANCIAMIENTO TUYA S.A","1850000"
"111000","BANCO DE LA REPUBLICA-","CREZCAMOS COMPAÑIA DE FINANCIA S.A.","692234089.67"
"111000","BANCO DE LA REPUBLICA-","FINANCIERA JURISCOOP S.A.","59769039784.54"
"111000","BANCO DE LA REPUBLICA-","BANCO SERFINANZA S.A.","32813501040.52"
"111000","BANCO DE LA REPUBLICA-","BANCO DAVIVIENDA S.A.","1259814342839.05"
"111000","BANCO DE LA REPUBLICA-","BANCOLOMBIA S.A.","2024998739358"
"111000","BANCO DE LA REPUBLICA-","PAGOS INTERNACIONALES","17815366727.14"
"111000","BANCO DE LA REPUBLICA-","LA HIPOTECARIA COMPAÑÍA DE FIN S.A.","20923372409.85"
"111000","BANCO DE LA REPUBLICA-","BANCO GNB SUDAMERIS S.A.","1508822625673.15"
"111000","BANCO DE LA REPUBLICA-","IRIS CF COMPAÑIA DE FINANCIAMIEN SA","7164859934.39"
"111000","BANCO DE LA REPUBLICA-","BANCO DE BOGOTA S.A.","1996398067983.59"
"111000","BANCO DE LA REPUBLICA-","BANCO CAJA SOCIAL S.A.","1323919126852.04"
"111000","BANCO DE LA REPUBLICA-","CONFIAR COOPERATIVA FINANCIERA","131456278357"
"111000","BANCO DE LA REPUBLICA-","BANCO AGRARIO DE COLOMBIA S.A.","154756459839.81"
"111000","BANCO DE LA REPUBLICA-","CITIBANK - COLOMBIA","859261083751.21"
"111000","BANCO DE LA REPUBLICA-","EL BANCO COOPERATIVO COOPCENTRAL","24179294806.79"
"111000","BANCO DE LA REPUBLICA-","BANCO PICHINCHA S.A.","45143079449.23"
"111000","BANCO DE LA REPUBLICA-","BBVA COLOMBIA S.A.","445020966084.2"
"111000","BANCO DE LA REPUBLICA-","MI BANCO S.A.","3078843421.99"
"111000","BANCO DE LA REPUBLICA-","COLTEFINANCIERA S.A.","27343053917.75"
"111000","BANCO DE LA REPUBLICA-","COTRAFA COOPERATIVA FINANCIERA","27458726215"
"111000","BANCO DE LA REPUBLICA-","BANCO COOMEVA S.A.","86312869667"
"111000","BANCO DE LA REPUBLICA-","BANCIEN S.A.","56887170096.69"
"111000","BANCO DE LA REPUBLICA-","CREDIFAMILIA COPAÑIA DE FINANC S.A.","1365676776.77"
"111000","BANCO DE LA REPUBLICA-","BANCO COMERCIAL AV VILLAS S.A.","262064411920.89"
"111000","BANCO DE LA REPUBLICA-","COOP FINANC EMPRESAS PUBL COOFINEP","6975858631"
"111000","BANCO DE LA REPUBLICA-","BANCO W S.A.","19165150163.18"
"111000","BANCO DE LA REPUBLICA-","BANCO FALABELLA S.A.","67061929089"
"111000","BANCO DE LA REPUBLICA-","COOPERATIVA FINANCIERA DE ANTIOQUIA","15875819034.73"
"111000","BANCO DE LA REPUBLICA-","BANCO DE OCCIDENTE S.A.","1862247876042.22"
"111000","BANCO DE LA REPUBLICA-","GIROS Y FINANZAS  S.A. C.F","104741168480.67"
"111000","BANCO DE LA REPUBLICA-","BANCAMIA S.A.","21838837043.48"
"111000","BANCO DE LA REPUBLICA-","BANCO MUNDO MUJER S.A.","2898754683.68"
"111000","BANCO DE LA REPUBLICA-","ITAU COLOMBIA S.A.","574346257859.13"
"111000","BANCO DE LA REPUBLICA-","BANCO SANTANDER","246627475213.24"
"111000","BANCO DE LA REPUBLICA-","BANCO POPULAR","168239327044.5"
"111000","BANCO DE LA REPUBLICA-","SCOTIABANK COLPATRIA S.A.","1129137005482.5"
"111000","BANCO DE LA REPUBLICA-","GM FINANCIAL COLOMBIA S.A.","21670966649"
"111000","BANCO DE LA REPUBLICA-","COOPKENNEDY","27050829280.3"
"111000","BANCO DE LA REPUBLICA-","BANCO FINANDINA S.A.","32071940730.19"
"111000","BANCO DE LA REPUBLICA-","COMPAÑIA DE FINANCIAMIENTO TUYA S.A","71806533324.01"
"111005","CUENTA CORRIENTE BANCARIA","GIROS Y FINANZAS  S.A. C.F","138236076.52"
"111005","CUENTA CORRIENTE BANCARIA","GM FINANCIAL COLOMBIA S.A.","21670966649"
"111005","CUENTA CORRIENTE BANCARIA","PAGOS INTERNACIONALES","17815366727.14"
"111005","CUENTA CORRIENTE BANCARIA","BANCO COMERCIAL AV VILLAS S.A.","262064411920.89"
"111005","CUENTA CORRIENTE BANCARIA","BANCO DAVIVIENDA S.A.","1259814342839.05"
"111005","CUENTA CORRIENTE BANCARIA","BANCO CAJA SOCIAL S.A.","143741316852.04"
"111005","CUENTA CORRIENTE BANCARIA","BANCO DE OCCIDENTE S.A.","1662247876042.22"
"111005","CUENTA CORRIENTE BANCARIA","MI BANCO S.A.","3078843421.99"
"111005","CUENTA CORRIENTE BANCARIA","BANCO W S.A.","19165150163.18"
"111005","CUENTA CORRIENTE BANCARIA","BANCAMIA S.A.","21838837043.48"
"111005","CUENTA CORRIENTE BANCARIA","BANCO COOMEVA S.A.","86312869667"
"111005","CUENTA CORRIENTE BANCARIA","ITAU COLOMBIA S.A.","574346257859.13"
"111005","CUENTA CORRIENTE BANCARIA","COLTEFINANCIERA S.A.","27343053917.75"
"111005","CUENTA CORRIENTE BANCARIA","COOPKENNEDY","27050829280.3"
"111005","CUENTA CORRIENTE BANCARIA","LA HIPOTECARIA COMPAÑÍA DE FIN S.A.","20923372409.85"
"111005","CUENTA CORRIENTE BANCARIA","BANCOLOMBIA S.A.","1624943139358"
"111005","CUENTA CORRIENTE BANCARIA","BANCIEN S.A.","56887170096.69"
"111005","CUENTA CORRIENTE BANCARIA","BANCO SANTANDER","246627475213.24"
"111005","CUENTA CORRIENTE BANCARIA","CREDIFAMILIA COPAÑIA DE FINANC S.A.","1365676776.77"
"111005","CUENTA CORRIENTE BANCARIA","COTRAFA COOPERATIVA FINANCIERA","27458726215"
"111005","CUENTA CORRIENTE BANCARIA","CONFIAR COOPERATIVA FINANCIERA","131456278357"
"111005","CUENTA CORRIENTE BANCARIA","COMPAÑIA DE FINANCIAMIENTO TUYA S.A","71806533324.01"
"111005","CUENTA CORRIENTE BANCARIA","BANCO AGRARIO DE COLOMBIA S.A.","154756459839.81"
"111005","CUENTA CORRIENTE BANCARIA","BANCO PICHINCHA S.A.","45143079449.23"
"111005","CUENTA CORRIENTE BANCARIA","IRIS CF COMPAÑIA DE FINANCIAMIEN SA","7164859934.39"
"111005","CUENTA CORRIENTE BANCARIA","CREZCAMOS COMPAÑIA DE FINANCIA S.A.","692234089.67"
"111005","CUENTA CORRIENTE BANCARIA","BANCO POPULAR","168239327044.5"
"111005","CUENTA CORRIENTE BANCARIA","COOP FINANC EMPRESAS PUBL COOFINEP","6975858631"
"111005","CUENTA CORRIENTE BANCARIA","BANCO FALABELLA S.A.","67061929089"
"111005","CUENTA CORRIENTE BANCARIA","BANCO GNB SUDAMERIS S.A.","1508822625673.15"
"111005","CUENTA CORRIENTE BANCARIA","CITIBANK - COLOMBIA","859261083751.21"
"111005","CUENTA CORRIENTE BANCARIA","BANCO MUNDO MUJER S.A.","2898754683.68"
"111005","CUENTA CORRIENTE BANCARIA","BANCO SERFINANZA S.A.","32813501040.52"
"111005","CUENTA CORRIENTE BANCARIA","EL BANCO COOPERATIVO COOPCENTRAL","24179294806.79"
"111005","CUENTA CORRIENTE BANCARIA","BANCO DE BOGOTA S.A.","1996398067983.59"
"111005","CUENTA CORRIENTE BANCARIA","BANCO FINANDINA S.A.","32071940730.19"
"111005","CUENTA CORRIENTE BANCARIA","SCOTIABANK COLPATRIA S.A.","1129137005482.5"
"111005","CUENTA CORRIENTE BANCARIA","BBVA COLOMBIA S.A.","445020966084.2"
"111005","CUENTA CORRIENTE BANCARIA","COOPERATIVA FINANCIERA DE ANTIOQUIA","15875819034.73"
"111005","CUENTA CORRIENTE BANCARIA","FINANCIERA JURISCOOP S.A.","24769039784.54"
"111010","CERTIFICADOS DE CAMBIO PROPIOS","BANCOLOMBIA S.A.","0"
"111015","CERTIFICADOS DE CAMBIO EN ADMINISTRACION","BANCOLOMBIA S.A.","0"
"111020","DEPOSITOS DE CONTRACCION MONETARIA","BANCO SANTANDER","0"
"111020","DEPOSITOS DE CONTRACCION MONETARIA","BANCO CAJA SOCIAL S.A.","1180177810000"
"111020","DEPOSITOS DE CONTRACCION MONETARIA","FINANCIERA JURISCOOP S.A.","35000000000"
"111020","DEPOSITOS DE CONTRACCION MONETARIA","GIROS Y FINANZAS  S.A. C.F","104602932404.15"
"111020","DEPOSITOS DE CONTRACCION MONETARIA","BANCOLOMBIA S.A.","400055600000"
"111020","DEPOSITOS DE CONTRACCION MONETARIA","BANCO DE OCCIDENTE S.A.","200000000000"
"111500","BANCOS Y OTRAS ENTIDADES FINANCIERAS","COLTEFINANCIERA S.A.","35029099553.38"
"111500","BANCOS Y OTRAS ENTIDADES FINANCIERAS","BANCO FINANDINA S.A.","124393563356.73"
"111500","BANCOS Y OTRAS ENTIDADES FINANCIERAS","BANCO AGRARIO DE COLOMBIA S.A.","19169204007.39"
"111500","BANCOS Y OTRAS ENTIDADES FINANCIERAS","BANCO DE BOGOTA S.A.","8128169211296.02"
"111500","BANCOS Y OTRAS ENTIDADES FINANCIERAS","BANCO COOMEVA S.A.","83758471709"
"111500","BANCOS Y OTRAS ENTIDADES FINANCIERAS","MI BANCO S.A.","87829144630.14"
"111500","BANCOS Y OTRAS ENTIDADES FINANCIERAS","IRIS CF COMPAÑIA DE FINANCIAMIEN SA","56619941524.11"
"111500","BANCOS Y OTRAS ENTIDADES FINANCIERAS","BANCO FALABELLA S.A.","11365007767"
"111500","BANCOS Y OTRAS ENTIDADES FINANCIERAS","GIROS Y FINANZAS  S.A. C.F","52600790913.07"
"111500","BANCOS Y OTRAS ENTIDADES FINANCIERAS","BANCOLOMBIA S.A.","2329036374302.74"
"111500","BANCOS Y OTRAS ENTIDADES FINANCIERAS","SCOTIABANK COLPATRIA S.A.","242568057860.79"
"111500","BANCOS Y OTRAS ENTIDADES FINANCIERAS","BANCO SANTANDER","109875576908.37"
"111500","BANCOS Y OTRAS ENTIDADES FINANCIERAS","COOPKENNEDY","207874407863.77"
"111500","BANCOS Y OTRAS ENTIDADES FINANCIERAS","LA HIPOTECARIA COMPAÑÍA DE FIN S.A.","58100151535.73"
"111500","BANCOS Y OTRAS ENTIDADES FINANCIERAS","BANCO GNB SUDAMERIS S.A.","508926039182.74"
"111500","BANCOS Y OTRAS ENTIDADES FINANCIERAS","BANCO POPULAR","156203620525.29"
"111500","BANCOS Y OTRAS ENTIDADES FINANCIERAS","BANCO MUNDO MUJER S.A.","212250778880.14"
"111500","BANCOS Y OTRAS ENTIDADES FINANCIERAS","BANCO DE OCCIDENTE S.A.","1846358109413.12"
"111500","BANCOS Y OTRAS ENTIDADES FINANCIERAS","GM FINANCIAL COLOMBIA S.A.","35896741315"
"111500","BANCOS Y OTRAS ENTIDADES FINANCIERAS","BANCAMIA S.A.","157548145703.8"
"111500","BANCOS Y OTRAS ENTIDADES FINANCIERAS","COOPERATIVA FINANCIERA DE ANTIOQUIA","95629103597.63"
"111500","BANCOS Y OTRAS ENTIDADES FINANCIERAS","BANCO PICHINCHA S.A.","103783468179.24"
"111500","BANCOS Y OTRAS ENTIDADES FINANCIERAS","BANCIEN S.A.","192617054798.2"
"111500","BANCOS Y OTRAS ENTIDADES FINANCIERAS","COOP FINANC EMPRESAS PUBL COOFINEP","26583772292"
"111500","BANCOS Y OTRAS ENTIDADES FINANCIERAS","COMPAÑIA DE FINANCIAMIENTO TUYA S.A","400161862739.56"
"111500","BANCOS Y OTRAS ENTIDADES FINANCIERAS","FINANCIERA JURISCOOP S.A.","105741296218.21"
"111500","BANCOS Y OTRAS ENTIDADES FINANCIERAS","BANCO SERFINANZA S.A.","260070532522.64"
"111500","BANCOS Y OTRAS ENTIDADES FINANCIERAS","CITIBANK - COLOMBIA","321233864765.17"
"111500","BANCOS Y OTRAS ENTIDADES FINANCIERAS","RCI COLOMBIA S.A. COMPAÑIA DE FINAN","69454777752.94"
"111500","BANCOS Y OTRAS ENTIDADES FINANCIERAS","COTRAFA COOPERATIVA FINANCIERA","133284358537"
"111500","BANCOS Y OTRAS ENTIDADES FINANCIERAS","ITAU COLOMBIA S.A.","244977057956.96"
"111500","BANCOS Y OTRAS ENTIDADES FINANCIERAS","CONFIAR COOPERATIVA FINANCIERA","50876146198"
"111500","BANCOS Y OTRAS ENTIDADES FINANCIERAS","CREZCAMOS COMPAÑIA DE FINANCIA S.A.","10820201098.23"
"111500","BANCOS Y OTRAS ENTIDADES FINANCIERAS","EL BANCO COOPERATIVO COOPCENTRAL","91131568542.19"
"111500","BANCOS Y OTRAS ENTIDADES FINANCIERAS","CREDIFAMILIA COPAÑIA DE FINANC S.A.","12122316413.72"
"111500","BANCOS Y OTRAS ENTIDADES FINANCIERAS","PAGOS INTERNACIONALES","14413732281.41"
"111500","BANCOS Y OTRAS ENTIDADES FINANCIERAS","BANCO COMERCIAL AV VILLAS S.A.","11008071526.32"
"111500","BANCOS Y OTRAS ENTIDADES FINANCIERAS","BBVA COLOMBIA S.A.","2428350376360.39"
"111500","BANCOS Y OTRAS ENTIDADES FINANCIERAS","BANCO CAJA SOCIAL S.A.","21370077502.06"
"111500","BANCOS Y OTRAS ENTIDADES FINANCIERAS","BANCO W S.A.","166621372391.6"
"111500","BANCOS Y OTRAS ENTIDADES FINANCIERAS","BANCO DAVIVIENDA S.A.","1468412473209.23"
"111505","BANCOS NACIONALES","COOP FINANC EMPRESAS PUBL COOFINEP","26583772292"
"111505","BANCOS NACIONALES","BANCO POPULAR","125989025.81"
"111505","BANCOS NACIONALES","BANCO COOMEVA S.A.","83758471709"
"111505","BANCOS NACIONALES","BANCO DE OCCIDENTE S.A.","995724068.91"
"111505","BANCOS NACIONALES","BBVA COLOMBIA S.A.","544625230.66"
"111505","BANCOS NACIONALES","BANCIEN S.A.","192514655544.26"
"111505","BANCOS NACIONALES","CREDIFAMILIA COPAÑIA DE FINANC S.A.","12122316413.72"
"111505","BANCOS NACIONALES","BANCO GNB SUDAMERIS S.A.","32999065.14"
"111505","BANCOS NACIONALES","COMPAÑIA DE FINANCIAMIENTO TUYA S.A","400161862739.56"
"111505","BANCOS NACIONALES","LA HIPOTECARIA COMPAÑÍA DE FIN S.A.","58100151535.73"
"111505","BANCOS NACIONALES","COTRAFA COOPERATIVA FINANCIERA","133068172451"
"111505","BANCOS NACIONALES","RCI COLOMBIA S.A. COMPAÑIA DE FINAN","69454777752.94"
"111505","BANCOS NACIONALES","BANCOLOMBIA S.A.","1124026792.14"
"111505","BANCOS NACIONALES","EL BANCO COOPERATIVO COOPCENTRAL","75300433017.54"
"111505","BANCOS NACIONALES","CREZCAMOS COMPAÑIA DE FINANCIA S.A.","10791054191.95"
"111505","BANCOS NACIONALES","BANCO FINANDINA S.A.","124393563356.73"
"111505","BANCOS NACIONALES","COOPERATIVA FINANCIERA DE ANTIOQUIA","95629103597.63"
"111505","BANCOS NACIONALES","BANCO W S.A.","158445864100.71"
"111505","BANCOS NACIONALES","COLTEFINANCIERA S.A.","8838998441.95"
"111505","BANCOS NACIONALES","SCOTIABANK COLPATRIA S.A.","991902184.23"
"111505","BANCOS NACIONALES","BANCAMIA S.A.","157492873105.12"
"111505","BANCOS NACIONALES","IRIS CF COMPAÑIA DE FINANCIAMIEN SA","56619941524.11"
"111505","BANCOS NACIONALES","BANCO SANTANDER","76104845950.33"
"111505","BANCOS NACIONALES","GM FINANCIAL COLOMBIA S.A.","35896741315"
"111505","BANCOS NACIONALES","CITIBANK - COLOMBIA","3817012881.44"
"111505","BANCOS NACIONALES","BANCO AGRARIO DE COLOMBIA S.A.","4367385195.48"
"111505","BANCOS NACIONALES","BANCO DE BOGOTA S.A.","549747753.3"
"111505","BANCOS NACIONALES","GIROS Y FINANZAS  S.A. C.F","49219500218.52"
"111505","BANCOS NACIONALES","BANCO COMERCIAL AV VILLAS S.A.","1163711269.54"
"111505","BANCOS NACIONALES","BANCO SERFINANZA S.A.","226478991874.74"
"111505","BANCOS NACIONALES","BANCO FALABELLA S.A.","6897512478"
"111505","BANCOS NACIONALES","FINANCIERA JURISCOOP S.A.","104715168851.74"
"111505","BANCOS NACIONALES","BANCO CAJA SOCIAL S.A.","20881106794.3"
"111505","BANCOS NACIONALES","ITAU COLOMBIA S.A.","2968826194.24"
"111505","BANCOS NACIONALES","CONFIAR COOPERATIVA FINANCIERA","44789162286"
"111505","BANCOS NACIONALES","MI BANCO S.A.","71215677395.42"
"111505","BANCOS NACIONALES","PAGOS INTERNACIONALES","7716307788.51"
"111505","BANCOS NACIONALES","BANCO DAVIVIENDA S.A.","4533360481.28"
"111505","BANCOS NACIONALES","BANCO MUNDO MUJER S.A.","212221927749.2"
"111505","BANCOS NACIONALES","BANCO PICHINCHA S.A.","102916530815.58"
"111505","BANCOS NACIONALES","COOPKENNEDY","207874407863.77"
"111510","BANCOS DEL EXTERIOR","CREZCAMOS COMPAÑIA DE FINANCIA S.A.","29146906.28"
"111510","BANCOS DEL EXTERIOR","GIROS Y FINANZAS  S.A. C.F","3381290694.55"
"111510","BANCOS DEL EXTERIOR","BANCO PICHINCHA S.A.","866937363.66"
"111510","BANCOS DEL EXTERIOR","BANCO SANTANDER","33770730958.04"
"111510","BANCOS DEL EXTERIOR","BANCIEN S.A.","45596217.7"
"111510","BANCOS DEL EXTERIOR","BANCOLOMBIA S.A.","796975478444.38"
"111510","BANCOS DEL EXTERIOR","EL BANCO COOPERATIVO COOPCENTRAL","49524978.33"
"111510","BANCOS DEL EXTERIOR","COLTEFINANCIERA S.A.","26190101111.43"
"111510","BANCOS DEL EXTERIOR","BANCO W S.A.","258105321.34"
"111510","BANCOS DEL EXTERIOR","BANCO COMERCIAL AV VILLAS S.A.","9844360256.78"
"111510","BANCOS DEL EXTERIOR","BANCO DE OCCIDENTE S.A.","1845333624295.33"
"111510","BANCOS DEL EXTERIOR","BANCO DAVIVIENDA S.A.","1248013353791.86"
"111510","BANCOS DEL EXTERIOR","BANCO FALABELLA S.A.","4467495289"
"111510","BANCOS DEL EXTERIOR","BANCAMIA S.A.","55272598.68"
"111510","BANCOS DEL EXTERIOR","BANCO DE BOGOTA S.A.","138052916592.52"
"111515","CORRESPONSALES","BANCO DAVIVIENDA S.A.","174217817268.02"
"111515","CORRESPONSALES","BANCIEN S.A.","56803036.24"
"111515","CORRESPONSALES","BANCO DE BOGOTA S.A.","7964825916967.94"
"111515","CORRESPONSALES","BBVA COLOMBIA S.A.","2427805751129.73"
"111515","CORRESPONSALES","PAGOS INTERNACIONALES","6608939059.9"
"111515","CORRESPONSALES","CITIBANK - COLOMBIA","317416851883.73"
"111515","CORRESPONSALES","BANCO POPULAR","156077631499.48"
"111515","CORRESPONSALES","BANCO AGRARIO DE COLOMBIA S.A.","14801818811.91"
"111515","CORRESPONSALES","BANCO GNB SUDAMERIS S.A.","508705291450.19"
"111515","CORRESPONSALES","BANCOLOMBIA S.A.","1530936869066.22"
"111515","CORRESPONSALES","BANCO CAJA SOCIAL S.A.","488970707.76"
"111515","CORRESPONSALES","ITAU COLOMBIA S.A.","232366194826.03"
"111515","CORRESPONSALES","SCOTIABANK COLPATRIA S.A.","241576155676.56"
"111520","SUCURSALES EN EL EXTRANJERO","BANCO DAVIVIENDA S.A.","41647941668.07"
"111520","SUCURSALES EN EL EXTRANJERO","BANCO DE BOGOTA S.A.","24740629982.26"
"111520","SUCURSALES EN EL EXTRANJERO","BANCOLOMBIA S.A.","0"
"111595","OTRAS ENTIDADES FINANCIERAS","MI BANCO S.A.","16613467234.72"
"111595","OTRAS ENTIDADES FINANCIERAS","BANCOLOMBIA S.A.","0"
"111595","OTRAS ENTIDADES FINANCIERAS","EL BANCO COOPERATIVO COOPCENTRAL","15781610546.32"
"111595","OTRAS ENTIDADES FINANCIERAS","CONFIAR COOPERATIVA FINANCIERA","6086983912"
"111595","OTRAS ENTIDADES FINANCIERAS","BANCO MUNDO MUJER S.A.","28851130.94"
"111595","OTRAS ENTIDADES FINANCIERAS","BANCO GNB SUDAMERIS S.A.","187748667.41"
"111595","OTRAS ENTIDADES FINANCIERAS","PAGOS INTERNACIONALES","88485433"
"111595","OTRAS ENTIDADES FINANCIERAS","BANCO W S.A.","7917402969.55"
"111595","OTRAS ENTIDADES FINANCIERAS","ITAU COLOMBIA S.A.","9642036936.69"
"111595","OTRAS ENTIDADES FINANCIERAS","BANCO DE OCCIDENTE S.A.","28761048.88"
"111595","OTRAS ENTIDADES FINANCIERAS","COTRAFA COOPERATIVA FINANCIERA","216186086"
"111595","OTRAS ENTIDADES FINANCIERAS","BANCO SERFINANZA S.A.","33591540647.9"
"111595","OTRAS ENTIDADES FINANCIERAS","FINANCIERA JURISCOOP S.A.","1026127366.47"
"112000","CANJE","BANCO FINANDINA S.A.","21564163.01"
"112000","CANJE","BANCIEN S.A.","364782463"
"112000","CANJE","BANCO COOMEVA S.A.","6493524439"
"112000","CANJE","BANCO DE OCCIDENTE S.A.","627488325.28"
"112000","CANJE","BANCO W S.A.","1128018917.53"
"112000","CANJE","BANCO SERFINANZA S.A.","48148415"
"112000","CANJE","BANCO SANTANDER","0"
"112000","CANJE","BANCO CAJA SOCIAL S.A.","1945066384.44"
"112000","CANJE","BANCOLOMBIA S.A.","29500000"
"112000","CANJE","ITAU COLOMBIA S.A.","32341605.78"
"112000","CANJE","BANCO GNB SUDAMERIS S.A.","79259346"
"112000","CANJE","BANCO POPULAR","231916346"
"112000","CANJE","BANCO DAVIVIENDA S.A.","9569484938.38"
"112000","CANJE","BANCO AGRARIO DE COLOMBIA S.A.","6721239020.18"
"112000","CANJE","SCOTIABANK COLPATRIA S.A.","575523880.98"
"113000","REMESAS EN TRANSITO","CITIBANK - COLOMBIA","760000000"
"113000","REMESAS EN TRANSITO","ITAU COLOMBIA S.A.","2928121465.54"
"113000","REMESAS EN TRANSITO","SCOTIABANK COLPATRIA S.A.","115756800"
"113000","REMESAS EN TRANSITO","BANCO POPULAR","6281427"
"113000","REMESAS EN TRANSITO","BBVA COLOMBIA S.A.","165151046.75"
"113000","REMESAS EN TRANSITO","BANCOLOMBIA S.A.","392312205.72"
"113000","REMESAS EN TRANSITO","BANCO AGRARIO DE COLOMBIA S.A.","4595333"
"113000","REMESAS EN TRANSITO","BANCO CAJA SOCIAL S.A.","8883155"
"113000","REMESAS EN TRANSITO","BANCO DE BOGOTA S.A.","15364220"
"113000","REMESAS EN TRANSITO","BANCO SANTANDER","0"
"113000","REMESAS EN TRANSITO","BANCO DAVIVIENDA S.A.","6374469991"
"113000","REMESAS EN TRANSITO","BANCO DE OCCIDENTE S.A.","1642797675.22"
"113005","CHEQUES PAIS","BANCO CAJA SOCIAL S.A.","8883155"
"113005","CHEQUES PAIS","BBVA COLOMBIA S.A.","109201926.75"
"113005","CHEQUES PAIS","BANCO AGRARIO DE COLOMBIA S.A.","4595333"
"113005","CHEQUES PAIS","BANCO DE OCCIDENTE S.A.","3295333"
"113005","CHEQUES PAIS","CITIBANK - COLOMBIA","760000000"
"113005","CHEQUES PAIS","BANCOLOMBIA S.A.","294580021"
"113005","CHEQUES PAIS","BANCO SANTANDER","0"
"113005","CHEQUES PAIS","BANCO DE BOGOTA S.A.","15364220"
"113005","CHEQUES PAIS","BANCO DAVIVIENDA S.A.","5916711"
"113010","CHEQUES SOBRE EL EXTERIOR","BANCO DE OCCIDENTE S.A.","1639502342.22"
"113010","CHEQUES SOBRE EL EXTERIOR","BANCOLOMBIA S.A.","97732184.72"
"113010","CHEQUES SOBRE EL EXTERIOR","BANCO POPULAR","6281427"
"113010","CHEQUES SOBRE EL EXTERIOR","BBVA COLOMBIA S.A.","55949120"
"113010","CHEQUES SOBRE EL EXTERIOR","SCOTIABANK COLPATRIA S.A.","115756800"
"113010","CHEQUES SOBRE EL EXTERIOR","ITAU COLOMBIA S.A.","2928121465.54"
"113010","CHEQUES SOBRE EL EXTERIOR","BANCO DAVIVIENDA S.A.","6368553280"
"120000","OPERACIONES DEL MERCADO MONETARIO Y RELACIONADAS","ITAU COLOMBIA S.A.","460832494535.22"
"120000","OPERACIONES DEL MERCADO MONETARIO Y RELACIONADAS","BANCO GNB SUDAMERIS S.A.","7781814789345.21"
"120000","OPERACIONES DEL MERCADO MONETARIO Y RELACIONADAS","BANCO DE OCCIDENTE S.A.","460295788217.5"
"120000","OPERACIONES DEL MERCADO MONETARIO Y RELACIONADAS","GIROS Y FINANZAS  S.A. C.F","4795572785"
"120000","OPERACIONES DEL MERCADO MONETARIO Y RELACIONADAS","BANCO W S.A.","12312899612.43"
"120000","OPERACIONES DEL MERCADO MONETARIO Y RELACIONADAS","FINANCIERA JURISCOOP S.A.","23221584592.39"
"120000","OPERACIONES DEL MERCADO MONETARIO Y RELACIONADAS","BANCO DAVIVIENDA S.A.","970111801958.29"
"120000","OPERACIONES DEL MERCADO MONETARIO Y RELACIONADAS","CITIBANK - COLOMBIA","331783319157.29"
"120000","OPERACIONES DEL MERCADO MONETARIO Y RELACIONADAS","BANCO AGRARIO DE COLOMBIA S.A.","1734568104756.17"
"120000","OPERACIONES DEL MERCADO MONETARIO Y RELACIONADAS","BANCO PICHINCHA S.A.","34885782873.9"
"120000","OPERACIONES DEL MERCADO MONETARIO Y RELACIONADAS","BBVA COLOMBIA S.A.","1654604306597.71"
"120000","OPERACIONES DEL MERCADO MONETARIO Y RELACIONADAS","BANCOLOMBIA S.A.","1650026422528.58"
"120000","OPERACIONES DEL MERCADO MONETARIO Y RELACIONADAS","EL BANCO COOPERATIVO COOPCENTRAL","9772225677.95"
"120000","OPERACIONES DEL MERCADO MONETARIO Y RELACIONADAS","SCOTIABANK COLPATRIA S.A.","725145056225.67"
"120000","OPERACIONES DEL MERCADO MONETARIO Y RELACIONADAS","MI BANCO S.A.","21622535976.12"
"120000","OPERACIONES DEL MERCADO MONETARIO Y RELACIONADAS","BANCO COMERCIAL AV VILLAS S.A.","600165810804"
"120000","OPERACIONES DEL MERCADO MONETARIO Y RELACIONADAS","BANCO SANTANDER","118597107874.96"
"120000","OPERACIONES DEL MERCADO MONETARIO Y RELACIONADAS","BANCO CAJA SOCIAL S.A.","462863882777.8"
"120000","OPERACIONES DEL MERCADO MONETARIO Y RELACIONADAS","BANCO DE BOGOTA S.A.","130455254549.32"
"120000","OPERACIONES DEL MERCADO MONETARIO Y RELACIONADAS","BANCO POPULAR","118662605380"
"120000","OPERACIONES DEL MERCADO MONETARIO Y RELACIONADAS","BANCO FINANDINA S.A.","11000000000"
"120000","OPERACIONES DEL MERCADO MONETARIO Y RELACIONADAS","BANCO COOMEVA S.A.","111800627"
"121000","FONDOS INTERBANCARIOS VENDIDOS ORDINARIOS","BANCO SANTANDER","0"
"121000","FONDOS INTERBANCARIOS VENDIDOS ORDINARIOS","BANCO DAVIVIENDA S.A.","216840697972.02"
"121000","FONDOS INTERBANCARIOS VENDIDOS ORDINARIOS","MI BANCO S.A.","7000661111.11"
"121000","FONDOS INTERBANCARIOS VENDIDOS ORDINARIOS","SCOTIABANK COLPATRIA S.A.","114987387470.25"
"121000","FONDOS INTERBANCARIOS VENDIDOS ORDINARIOS","BANCO DE OCCIDENTE S.A.","440799139626.2"
"121000","FONDOS INTERBANCARIOS VENDIDOS ORDINARIOS","ITAU COLOMBIA S.A.","143186713018"
"121000","FONDOS INTERBANCARIOS VENDIDOS ORDINARIOS","BANCO AGRARIO DE COLOMBIA S.A.","218930551323.38"
"121000","FONDOS INTERBANCARIOS VENDIDOS ORDINARIOS","BANCO CAJA SOCIAL S.A.","462863882777.8"
"121000","FONDOS INTERBANCARIOS VENDIDOS ORDINARIOS","BANCO FINANDINA S.A.","11000000000"
"121000","FONDOS INTERBANCARIOS VENDIDOS ORDINARIOS","BANCO W S.A.","10000472222.43"
"121000","FONDOS INTERBANCARIOS VENDIDOS ORDINARIOS","BANCO POPULAR","56643660800"
"121000","FONDOS INTERBANCARIOS VENDIDOS ORDINARIOS","BANCOLOMBIA S.A.","965305098096.51"
"121000","FONDOS INTERBANCARIOS VENDIDOS ORDINARIOS","BANCO GNB SUDAMERIS S.A.","80007573328"
"121000","FONDOS INTERBANCARIOS VENDIDOS ORDINARIOS","BBVA COLOMBIA S.A.","55084315861.19"
"121005","BANCOS","ITAU COLOMBIA S.A.","138186713018"
"121005","BANCOS","BANCO DAVIVIENDA S.A.","186837847972.02"
"121005","BANCOS","BANCO AGRARIO DE COLOMBIA S.A.","218930551323.38"
"121005","BANCOS","BANCO W S.A.","0.21"
"121005","BANCOS","BBVA COLOMBIA S.A.","25084315861.19"
"121005","BANCOS","BANCO CAJA SOCIAL S.A.","462863882777.8"
"121005","BANCOS","BANCO GNB SUDAMERIS S.A.","80007573328"
"121005","BANCOS","BANCOLOMBIA S.A.","195495605593.7"
"121005","BANCOS","BANCO SANTANDER","0"
"121005","BANCOS","BANCO DE OCCIDENTE S.A.","360799139626.2"
"121005","BANCOS","BANCO POPULAR","56643660800"
"121010","CORPORACIONES FINANCIERAS","MI BANCO S.A.","7000661111.11"
"121010","CORPORACIONES FINANCIERAS","BANCO DAVIVIENDA S.A.","30002850000"
"121010","CORPORACIONES FINANCIERAS","BANCOLOMBIA S.A.","0"
"121010","CORPORACIONES FINANCIERAS","BANCO DE OCCIDENTE S.A.","80000000000"
"121010","CORPORACIONES FINANCIERAS","BANCO W S.A.","10000472222.22"
"121010","CORPORACIONES FINANCIERAS","BBVA COLOMBIA S.A.","30000000000"
"121010","CORPORACIONES FINANCIERAS","BANCO FINANDINA S.A.","11000000000"
"121015","COMPANIAS DE FINANCIAMIENTO","BANCOLOMBIA S.A.","0"
"121020","BANCO DE LA REPUBLICA","BANCOLOMBIA S.A.","0"
"121025","TESORERIA GENERAL DE LA NACION","BANCOLOMBIA S.A.","0"
"121030","ENTIDADES DEL SECTOR PUBLICO","BANCOLOMBIA S.A.","0"
"121035","RESIDENTES DEL EXTERIOR","BANCOLOMBIA S.A.","769809492502.81"
"121035","RESIDENTES DEL EXTERIOR","BANCO SANTANDER","0"
"121095","OTRAS ENTIDADES FINANCIERAS","BANCOLOMBIA S.A.","0"
"121095","OTRAS ENTIDADES FINANCIERAS","ITAU COLOMBIA S.A.","5000000000"
"121095","OTRAS ENTIDADES FINANCIERAS","SCOTIABANK COLPATRIA S.A.","114987387470.25"
"121500","OPERACIONES DE REPORTO O REPO","BANCOLOMBIA S.A.","44227247418.92"
"121500","OPERACIONES DE REPORTO O REPO","BANCO SANTANDER","0"
"121505","COMPROMISOS DE TRANSFERENCIA EN OPERACIONES DE REPO ABIERTO","BANCO SANTANDER","0"
"121505","COMPROMISOS DE TRANSFERENCIA EN OPERACIONES DE REPO ABIERTO","BANCOLOMBIA S.A.","44227247418.92"
"121510","COMPROMISOS DE TRANSFERENCIA EN OPERACIONES DE REPO CERRADO","BANCOLOMBIA S.A.","0"
"121510","COMPROMISOS DE TRANSFERENCIA EN OPERACIONES DE REPO CERRADO","BANCO SANTANDER","0"
"121515","CUPONES POR RECIBIR DE VALORES EN OPERACIONES REPO","BANCOLOMBIA S.A.","0"
"121520","CUENTAS POR COBRAR POR INCUMPLIMIENTO O TERMINACION ANTICIPADA EN OPERACIONES REPO","BANCOLOMBIA S.A.","0"
"121525","LLAMADO AL MARGEN ENTREGADO EN DINERO EN OPERACIONES REPO","BANCOLOMBIA S.A.","0"
"122000","OPERACIONES SIMULTANEAS","BANCO W S.A.","2312427390"
"122000","OPERACIONES SIMULTANEAS","BANCO SANTANDER","118597107874.96"
"122000","OPERACIONES SIMULTANEAS","BBVA COLOMBIA S.A.","1599519990736.52"
"122000","OPERACIONES SIMULTANEAS","FINANCIERA JURISCOOP S.A.","23221584592.39"
"122000","OPERACIONES SIMULTANEAS","ITAU COLOMBIA S.A.","317645781517.22"
"122000","OPERACIONES SIMULTANEAS","BANCO DAVIVIENDA S.A.","753271103986.27"
"122000","OPERACIONES SIMULTANEAS","GIROS Y FINANZAS  S.A. C.F","4795572785"
"122000","OPERACIONES SIMULTANEAS","BANCO GNB SUDAMERIS S.A.","7701807216017.21"
"122000","OPERACIONES SIMULTANEAS","BANCOLOMBIA S.A.","640494077013.15"
"122000","OPERACIONES SIMULTANEAS","SCOTIABANK COLPATRIA S.A.","610157668755.42"
"122000","OPERACIONES SIMULTANEAS","BANCO AGRARIO DE COLOMBIA S.A.","1515637553432.79"
"122000","OPERACIONES SIMULTANEAS","EL BANCO COOPERATIVO COOPCENTRAL","9772225677.95"
"122000","OPERACIONES SIMULTANEAS","CITIBANK - COLOMBIA","331783319157.29"
"122000","OPERACIONES SIMULTANEAS","BANCO PICHINCHA S.A.","34885782873.9"
"122000","OPERACIONES SIMULTANEAS","BANCO COMERCIAL AV VILLAS S.A.","600165810804"
"122000","OPERACIONES SIMULTANEAS","BANCO POPULAR","62018944580"
"122000","OPERACIONES SIMULTANEAS","BANCO COOMEVA S.A.","111800627"
"122000","OPERACIONES SIMULTANEAS","BANCO DE BOGOTA S.A.","130455254549.32"
"122000","OPERACIONES SIMULTANEAS","MI BANCO S.A.","14621874865.01"
"122000","OPERACIONES SIMULTANEAS","BANCO DE OCCIDENTE S.A.","19496648591.3"
"122005","COMPROMISOS DE TRANSFERENCIA DE INVERSIONES EN OPERACIONES SIMULTANEAS","ITAU COLOMBIA S.A.","317645781517.22"
"122005","COMPROMISOS DE TRANSFERENCIA DE INVERSIONES EN OPERACIONES SIMULTANEAS","BANCOLOMBIA S.A.","640494077013.15"
"122005","COMPROMISOS DE TRANSFERENCIA DE INVERSIONES EN OPERACIONES SIMULTANEAS","EL BANCO COOPERATIVO COOPCENTRAL","9772225677.95"
"122005","COMPROMISOS DE TRANSFERENCIA DE INVERSIONES EN OPERACIONES SIMULTANEAS","BANCO AGRARIO DE COLOMBIA S.A.","1515637553432.79"
"122005","COMPROMISOS DE TRANSFERENCIA DE INVERSIONES EN OPERACIONES SIMULTANEAS","BANCO SANTANDER","118597107874.96"
"122005","COMPROMISOS DE TRANSFERENCIA DE INVERSIONES EN OPERACIONES SIMULTANEAS","BANCO DAVIVIENDA S.A.","753271103986.27"
"122005","COMPROMISOS DE TRANSFERENCIA DE INVERSIONES EN OPERACIONES SIMULTANEAS","GIROS Y FINANZAS  S.A. C.F","4795572785"
"122005","COMPROMISOS DE TRANSFERENCIA DE INVERSIONES EN OPERACIONES SIMULTANEAS","BANCO PICHINCHA S.A.","34885782873.9"
"122005","COMPROMISOS DE TRANSFERENCIA DE INVERSIONES EN OPERACIONES SIMULTANEAS","BBVA COLOMBIA S.A.","1599519990736.52"
"122005","COMPROMISOS DE TRANSFERENCIA DE INVERSIONES EN OPERACIONES SIMULTANEAS","BANCO W S.A.","2312427390"
"122005","COMPROMISOS DE TRANSFERENCIA DE INVERSIONES EN OPERACIONES SIMULTANEAS","BANCO DE OCCIDENTE S.A.","19496648591.3"
"122005","COMPROMISOS DE TRANSFERENCIA DE INVERSIONES EN OPERACIONES SIMULTANEAS","BANCO GNB SUDAMERIS S.A.","7701807216017.21"
"122005","COMPROMISOS DE TRANSFERENCIA DE INVERSIONES EN OPERACIONES SIMULTANEAS","BANCO POPULAR","62018944580"
"122005","COMPROMISOS DE TRANSFERENCIA DE INVERSIONES EN OPERACIONES SIMULTANEAS","MI BANCO S.A.","14621874865.01"
"122005","COMPROMISOS DE TRANSFERENCIA DE INVERSIONES EN OPERACIONES SIMULTANEAS","CITIBANK - COLOMBIA","331783319157.29"
"122005","COMPROMISOS DE TRANSFERENCIA DE INVERSIONES EN OPERACIONES SIMULTANEAS","BANCO COOMEVA S.A.","111800627"
"122005","COMPROMISOS DE TRANSFERENCIA DE INVERSIONES EN OPERACIONES SIMULTANEAS","BANCO COMERCIAL AV VILLAS S.A.","600165810804"
"122005","COMPROMISOS DE TRANSFERENCIA DE INVERSIONES EN OPERACIONES SIMULTANEAS","FINANCIERA JURISCOOP S.A.","23174015888"
"122005","COMPROMISOS DE TRANSFERENCIA DE INVERSIONES EN OPERACIONES SIMULTANEAS","SCOTIABANK COLPATRIA S.A.","610157668755.42"
"122005","COMPROMISOS DE TRANSFERENCIA DE INVERSIONES EN OPERACIONES SIMULTANEAS","BANCO DE BOGOTA S.A.","130455254549.32"
"122010","CUPONES POR RECIBIR DE VALORES EN OPERACIONES SIMULTANEAS","BANCOLOMBIA S.A.","0"
"122015","CUENTAS POR COBRAR POR INCUMPLIMIENTO O TERMINACION ANTICIPADA EN OPERACIONES SIMULTANEAS","BANCOLOMBIA S.A.","0"
"122020","LLAMADO AL MARGEN ENTREGADO EN DINERO EN OPERACIONES SIMULTANEAS","BANCOLOMBIA S.A.","0"
"122020","LLAMADO AL MARGEN ENTREGADO EN DINERO EN OPERACIONES SIMULTANEAS","FINANCIERA JURISCOOP S.A.","47568704.39"
"122500","OPERACIONES DE TRANSFERENCIA TEMPORAL DE VALORES","BANCOLOMBIA S.A.","0"
"122505","COMPROMISOS ORIGINADOS EN OPERACIONES DE TRANSFERENCIA TEMPORAL DE VALORES","BANCOLOMBIA S.A.","0"
"122510","RENDIMIENTOS POR COBRAR DE COMPROMISOS EN OPERACIONES DE TRANSFERENCIA TEMPORAL DE VALORES","BANCOLOMBIA S.A.","0"
"122515","CUPONES POR RECIBIR DE VALORES EN OPERACIONES DE TRANSFERENCIA TEMPORAL DE VALORES","BANCOLOMBIA S.A.","0"
"122520","CUENTAS POR COBRAR POR INCUMPLIMIENTO O TERMINACION ANTICIPADA EN OPERACIONES DE TRANSFERENCIA TEMPORAL DE VALORES","BANCOLOMBIA S.A.","0"
"122525","LLAMADO AL MARGEN EN OPERACIONES DE TRANSFERENCIA TEMPORAL DE VALORES","BANCOLOMBIA S.A.","0"
"123000","COMPROMISOS DE REVENTA DE CARTERA","BANCOLOMBIA S.A.","0"
"123005","BANCOS","BANCOLOMBIA S.A.","0"
"123010","CORPORACIONES FINANCIERAS","BANCOLOMBIA S.A.","0"
"123020","COMPANIAS DE FINANCIAMIENTO COMERCIAL","BANCOLOMBIA S.A.","0"
"123025","OTRAS ENTIDADES FINANCIERAS","BANCOLOMBIA S.A.","0"
"123095","OTRAS","BANCOLOMBIA S.A.","0"
"130000","INVERSIONES Y OPERACIONES CON DERIVADOS","BANCO SERFINANZA S.A.","58738717772.98"
"130000","INVERSIONES Y OPERACIONES CON DERIVADOS","COOPERATIVA FINANCIERA DE ANTIOQUIA","40696212911.26"
"130000","INVERSIONES Y OPERACIONES CON DERIVADOS","BANCO FINANDINA S.A.","131171834469.2"
"130000","INVERSIONES Y OPERACIONES CON DERIVADOS","BANCO GNB SUDAMERIS S.A.","10512508084074.64"
"130000","INVERSIONES Y OPERACIONES CON DERIVADOS","LA HIPOTECARIA COMPAÑÍA DE FIN S.A.","20193941321.13"
"130000","INVERSIONES Y OPERACIONES CON DERIVADOS","BANCAMIA S.A.","22973040424.29"
"130000","INVERSIONES Y OPERACIONES CON DERIVADOS","COOPKENNEDY","81899151868.09"
"130000","INVERSIONES Y OPERACIONES CON DERIVADOS","BANCO SANTANDER","916045372343.55"
"130000","INVERSIONES Y OPERACIONES CON DERIVADOS","BANCO DAVIVIENDA S.A.","16357315969893.77"
"130000","INVERSIONES Y OPERACIONES CON DERIVADOS","BANCO DE BOGOTA S.A.","33280593538909.12"
"130000","INVERSIONES Y OPERACIONES CON DERIVADOS","EL BANCO COOPERATIVO COOPCENTRAL","243602760336.41"
"130000","INVERSIONES Y OPERACIONES CON DERIVADOS","ITAU COLOMBIA S.A.","5738731872386.59"
"130000","INVERSIONES Y OPERACIONES CON DERIVADOS","FINANCIERA JURISCOOP S.A.","69073231504.38"
"130000","INVERSIONES Y OPERACIONES CON DERIVADOS","CONFIAR COOPERATIVA FINANCIERA","65051162200"
"130000","INVERSIONES Y OPERACIONES CON DERIVADOS","GM FINANCIAL COLOMBIA S.A.","12233202305"
"130000","INVERSIONES Y OPERACIONES CON DERIVADOS","BANCOLOMBIA S.A.","42483239045979.2"
"130000","INVERSIONES Y OPERACIONES CON DERIVADOS","BANCO AGRARIO DE COLOMBIA S.A.","10679137461882.85"
"130000","INVERSIONES Y OPERACIONES CON DERIVADOS","SCOTIABANK COLPATRIA S.A.","4001577545280.69"
"130000","INVERSIONES Y OPERACIONES CON DERIVADOS","BANCIEN S.A.","74107365416.9"
"130000","INVERSIONES Y OPERACIONES CON DERIVADOS","BANCO COMERCIAL AV VILLAS S.A.","2378324224014.98"
"130000","INVERSIONES Y OPERACIONES CON DERIVADOS","BANCO POPULAR","4069504394246.07"
"130000","INVERSIONES Y OPERACIONES CON DERIVADOS","COMPAÑIA DE FINANCIAMIENTO TUYA S.A","119346570499.26"
"130000","INVERSIONES Y OPERACIONES CON DERIVADOS","CREDIFAMILIA COPAÑIA DE FINANC S.A.","31686116312.25"
"130000","INVERSIONES Y OPERACIONES CON DERIVADOS","BANCO FALABELLA S.A.","545461904093"
"130000","INVERSIONES Y OPERACIONES CON DERIVADOS","BANCO DE OCCIDENTE S.A.","6954489828407.08"
"130000","INVERSIONES Y OPERACIONES CON DERIVADOS","COLTEFINANCIERA S.A.","34501464955.18"
"130000","INVERSIONES Y OPERACIONES CON DERIVADOS","BBVA COLOMBIA S.A.","12424894613858.73"
"130000","INVERSIONES Y OPERACIONES CON DERIVADOS","BANCO PICHINCHA S.A.","461895580021.32"
"130000","INVERSIONES Y OPERACIONES CON DERIVADOS","IRIS CF COMPAÑIA DE FINANCIAMIEN SA","7433904438.79"
"130000","INVERSIONES Y OPERACIONES CON DERIVADOS","BANCO MUNDO MUJER S.A.","154525290780.55"
"130000","INVERSIONES Y OPERACIONES CON DERIVADOS","COOP FINANC EMPRESAS PUBL COOFINEP","10940462329"
"130000","INVERSIONES Y OPERACIONES CON DERIVADOS","RCI COLOMBIA S.A. COMPAÑIA DE FINAN","21045051337.57"
"130000","INVERSIONES Y OPERACIONES CON DERIVADOS","CITIBANK - COLOMBIA","5529805253736.5"
"130000","INVERSIONES Y OPERACIONES CON DERIVADOS","PAGOS INTERNACIONALES","840134845.34"
"130000","INVERSIONES Y OPERACIONES CON DERIVADOS","GIROS Y FINANZAS  S.A. C.F","136928139097.24"
"130000","INVERSIONES Y OPERACIONES CON DERIVADOS","BANCO COOMEVA S.A.","553829019168"
"130000","INVERSIONES Y OPERACIONES CON DERIVADOS","BANCO W S.A.","261855595021.33"
"130000","INVERSIONES Y OPERACIONES CON DERIVADOS","BANCO CAJA SOCIAL S.A.","1907576988672.25"
"130000","INVERSIONES Y OPERACIONES CON DERIVADOS","MI BANCO S.A.","34454647753.35"
"130000","INVERSIONES Y OPERACIONES CON DERIVADOS","CREZCAMOS COMPAÑIA DE FINANCIA S.A.","6885107099.07"
"130000","INVERSIONES Y OPERACIONES CON DERIVADOS","COTRAFA COOPERATIVA FINANCIERA","91253910735"
"130100","INVERSIONES A VALOR RAZONABLE CON CAMBIOS EN RESULTADOS - INSTRUMENTOS REPRESENTATIVOS DE DEUDA","CREDIFAMILIA COPAÑIA DE FINANC S.A.","29510609100"
"130100","INVERSIONES A VALOR RAZONABLE CON CAMBIOS EN RESULTADOS - INSTRUMENTOS REPRESENTATIVOS DE DEUDA","BANCO PICHINCHA S.A.","138246738156"
"130100","INVERSIONES A VALOR RAZONABLE CON CAMBIOS EN RESULTADOS - INSTRUMENTOS REPRESENTATIVOS DE DEUDA","CITIBANK - COLOMBIA","3957623917570.43"
"130100","INVERSIONES A VALOR RAZONABLE CON CAMBIOS EN RESULTADOS - INSTRUMENTOS REPRESENTATIVOS DE DEUDA","BBVA COLOMBIA S.A.","3158237690537.5"
"130100","INVERSIONES A VALOR RAZONABLE CON CAMBIOS EN RESULTADOS - INSTRUMENTOS REPRESENTATIVOS DE DEUDA","BANCO COOMEVA S.A.","368398436882"
"130100","INVERSIONES A VALOR RAZONABLE CON CAMBIOS EN RESULTADOS - INSTRUMENTOS REPRESENTATIVOS DE DEUDA","BANCOLOMBIA S.A.","8958375685157.25"
"130100","INVERSIONES A VALOR RAZONABLE CON CAMBIOS EN RESULTADOS - INSTRUMENTOS REPRESENTATIVOS DE DEUDA","BANCO POPULAR","145902465910.25"
"130100","INVERSIONES A VALOR RAZONABLE CON CAMBIOS EN RESULTADOS - INSTRUMENTOS REPRESENTATIVOS DE DEUDA","BANCO DE BOGOTA S.A.","1199207845420.27"
"130100","INVERSIONES A VALOR RAZONABLE CON CAMBIOS EN RESULTADOS - INSTRUMENTOS REPRESENTATIVOS DE DEUDA","BANCO DAVIVIENDA S.A.","4223933697925.94"
"130100","INVERSIONES A VALOR RAZONABLE CON CAMBIOS EN RESULTADOS - INSTRUMENTOS REPRESENTATIVOS DE DEUDA","FINANCIERA JURISCOOP S.A.","22916217882.21"
"130100","INVERSIONES A VALOR RAZONABLE CON CAMBIOS EN RESULTADOS - INSTRUMENTOS REPRESENTATIVOS DE DEUDA","BANCO FINANDINA S.A.","57878956947.98"
"130100","INVERSIONES A VALOR RAZONABLE CON CAMBIOS EN RESULTADOS - INSTRUMENTOS REPRESENTATIVOS DE DEUDA","CONFIAR COOPERATIVA FINANCIERA","3519120766"
"130100","INVERSIONES A VALOR RAZONABLE CON CAMBIOS EN RESULTADOS - INSTRUMENTOS REPRESENTATIVOS DE DEUDA","ITAU COLOMBIA S.A.","1457494425075"
"130100","INVERSIONES A VALOR RAZONABLE CON CAMBIOS EN RESULTADOS - INSTRUMENTOS REPRESENTATIVOS DE DEUDA","SCOTIABANK COLPATRIA S.A.","691950662147.67"
"130100","INVERSIONES A VALOR RAZONABLE CON CAMBIOS EN RESULTADOS - INSTRUMENTOS REPRESENTATIVOS DE DEUDA","BANCO W S.A.","52119336132"
"130100","INVERSIONES A VALOR RAZONABLE CON CAMBIOS EN RESULTADOS - INSTRUMENTOS REPRESENTATIVOS DE DEUDA","BANCO FALABELLA S.A.","65271942254"
"130100","INVERSIONES A VALOR RAZONABLE CON CAMBIOS EN RESULTADOS - INSTRUMENTOS REPRESENTATIVOS DE DEUDA","BANCAMIA S.A.","20980981601.05"
"130100","INVERSIONES A VALOR RAZONABLE CON CAMBIOS EN RESULTADOS - INSTRUMENTOS REPRESENTATIVOS DE DEUDA","EL BANCO COOPERATIVO COOPCENTRAL","189811747985.04"
"130100","INVERSIONES A VALOR RAZONABLE CON CAMBIOS EN RESULTADOS - INSTRUMENTOS REPRESENTATIVOS DE DEUDA","BANCO CAJA SOCIAL S.A.","156603974052.24"
"130100","INVERSIONES A VALOR RAZONABLE CON CAMBIOS EN RESULTADOS - INSTRUMENTOS REPRESENTATIVOS DE DEUDA","COTRAFA COOPERATIVA FINANCIERA","31099805351"
"130100","INVERSIONES A VALOR RAZONABLE CON CAMBIOS EN RESULTADOS - INSTRUMENTOS REPRESENTATIVOS DE DEUDA","BANCO MUNDO MUJER S.A.","60371343802.12"
"130100","INVERSIONES A VALOR RAZONABLE CON CAMBIOS EN RESULTADOS - INSTRUMENTOS REPRESENTATIVOS DE DEUDA","BANCO DE OCCIDENTE S.A.","1306230414019.31"
"130100","INVERSIONES A VALOR RAZONABLE CON CAMBIOS EN RESULTADOS - INSTRUMENTOS REPRESENTATIVOS DE DEUDA","BANCO AGRARIO DE COLOMBIA S.A.","2510601165582.75"
"130100","INVERSIONES A VALOR RAZONABLE CON CAMBIOS EN RESULTADOS - INSTRUMENTOS REPRESENTATIVOS DE DEUDA","LA HIPOTECARIA COMPAÑÍA DE FIN S.A.","6382013674.25"
"130100","INVERSIONES A VALOR RAZONABLE CON CAMBIOS EN RESULTADOS - INSTRUMENTOS REPRESENTATIVOS DE DEUDA","BANCO COMERCIAL AV VILLAS S.A.","164214638050"
"130100","INVERSIONES A VALOR RAZONABLE CON CAMBIOS EN RESULTADOS - INSTRUMENTOS REPRESENTATIVOS DE DEUDA","BANCO GNB SUDAMERIS S.A.","856004205.67"
"130100","INVERSIONES A VALOR RAZONABLE CON CAMBIOS EN RESULTADOS - INSTRUMENTOS REPRESENTATIVOS DE DEUDA","GIROS Y FINANZAS  S.A. C.F","17932266680"
"130100","INVERSIONES A VALOR RAZONABLE CON CAMBIOS EN RESULTADOS - INSTRUMENTOS REPRESENTATIVOS DE DEUDA","MI BANCO S.A.","4847805000"
"130100","INVERSIONES A VALOR RAZONABLE CON CAMBIOS EN RESULTADOS - INSTRUMENTOS REPRESENTATIVOS DE DEUDA","BANCO SANTANDER","404642074267.86"
"130100","INVERSIONES A VALOR RAZONABLE CON CAMBIOS EN RESULTADOS - INSTRUMENTOS REPRESENTATIVOS DE DEUDA","BANCIEN S.A.","11866085414.24"
"130105","TITULOS DE TESORERIA #TES","BANCO W S.A.","14243427000"
"130105","TITULOS DE TESORERIA #TES","ITAU COLOMBIA S.A.","1421773775075"
"130105","TITULOS DE TESORERIA #TES","SCOTIABANK COLPATRIA S.A.","447263904853.95"
"130105","TITULOS DE TESORERIA #TES","BANCO AGRARIO DE COLOMBIA S.A.","2319304041996.97"
"130105","TITULOS DE TESORERIA #TES","MI BANCO S.A.","4341360000"
"130105","TITULOS DE TESORERIA #TES","BANCO COOMEVA S.A.","103014769902"
"130105","TITULOS DE TESORERIA #TES","BANCO GNB SUDAMERIS S.A.","623853659.03"
"130105","TITULOS DE TESORERIA #TES","BANCO DE BOGOTA S.A.","81282321588.77"
"130105","TITULOS DE TESORERIA #TES","BANCO MUNDO MUJER S.A.","45434670804.88"
"130105","TITULOS DE TESORERIA #TES","BANCO SANTANDER","404642074267.86"
"130105","TITULOS DE TESORERIA #TES","BANCO CAJA SOCIAL S.A.","47566400000"
"130105","TITULOS DE TESORERIA #TES","BANCO DE OCCIDENTE S.A.","1090516505562.04"
"130105","TITULOS DE TESORERIA #TES","BANCO FALABELLA S.A.","65180010000"
"130105","TITULOS DE TESORERIA #TES","BANCOLOMBIA S.A.","5586815614146.9"
"130105","TITULOS DE TESORERIA #TES","BANCO PICHINCHA S.A.","91617138156"
"130105","TITULOS DE TESORERIA #TES","BBVA COLOMBIA S.A.","2566314707202.79"
"130105","TITULOS DE TESORERIA #TES","BANCO DAVIVIENDA S.A.","3968058581273.63"
"130105","TITULOS DE TESORERIA #TES","EL BANCO COOPERATIVO COOPCENTRAL","123612785935.04"
"130105","TITULOS DE TESORERIA #TES","CITIBANK - COLOMBIA","3957623917570.43"
"130105","TITULOS DE TESORERIA #TES","BANCO COMERCIAL AV VILLAS S.A.","17473258050"
"130105","TITULOS DE TESORERIA #TES","FINANCIERA JURISCOOP S.A.","1192992607.8"
"130110","OTROS TITULOS EMITIDOS POR EL GOBIERNO NACIONAL","BANCO DAVIVIENDA S.A.","5551625835.44"
"130110","OTROS TITULOS EMITIDOS POR EL GOBIERNO NACIONAL","BANCOLOMBIA S.A.","499459498565"
"130110","OTROS TITULOS EMITIDOS POR EL GOBIERNO NACIONAL","BANCO GNB SUDAMERIS S.A.","232150546.64"
"130110","OTROS TITULOS EMITIDOS POR EL GOBIERNO NACIONAL","BANCO CAJA SOCIAL S.A.","15241973052.24"
"130110","OTROS TITULOS EMITIDOS POR EL GOBIERNO NACIONAL","BANCAMIA S.A.","9460062131"
"130110","OTROS TITULOS EMITIDOS POR EL GOBIERNO NACIONAL","BANCIEN S.A.","11866085414.24"
"130110","OTROS TITULOS EMITIDOS POR EL GOBIERNO NACIONAL","BANCO SANTANDER","0"
"130110","OTROS TITULOS EMITIDOS POR EL GOBIERNO NACIONAL","BANCO DE BOGOTA S.A.","574623850646.67"
"130110","OTROS TITULOS EMITIDOS POR EL GOBIERNO NACIONAL","GIROS Y FINANZAS  S.A. C.F","60297249"
"130110","OTROS TITULOS EMITIDOS POR EL GOBIERNO NACIONAL","BANCO FALABELLA S.A.","91932254"
"130110","OTROS TITULOS EMITIDOS POR EL GOBIERNO NACIONAL","BANCO COOMEVA S.A.","53318540150"
"130110","OTROS TITULOS EMITIDOS POR EL GOBIERNO NACIONAL","BANCO DE OCCIDENTE S.A.","76451595541.9"
"130110","OTROS TITULOS EMITIDOS POR EL GOBIERNO NACIONAL","BBVA COLOMBIA S.A.","30546792431.59"
"130110","OTROS TITULOS EMITIDOS POR EL GOBIERNO NACIONAL","BANCO POPULAR","1164362385.22"
"130110","OTROS TITULOS EMITIDOS POR EL GOBIERNO NACIONAL","FINANCIERA JURISCOOP S.A.","2204572363.87"
"130110","OTROS TITULOS EMITIDOS POR EL GOBIERNO NACIONAL","BANCO FINANDINA S.A.","16992237796"
"130115","OTROS EMISORES NACIONALES","CONFIAR COOPERATIVA FINANCIERA","3519120766"
"130115","OTROS EMISORES NACIONALES","BANCO DAVIVIENDA S.A.","238470493409.07"
"130115","OTROS EMISORES NACIONALES","BANCO DE OCCIDENTE S.A.","123020424358.35"
"130115","OTROS EMISORES NACIONALES","LA HIPOTECARIA COMPAÑÍA DE FIN S.A.","6382013674.25"
"130115","OTROS EMISORES NACIONALES","BANCO SANTANDER","0"
"130115","OTROS EMISORES NACIONALES","FINANCIERA JURISCOOP S.A.","19518652910.54"
"130115","OTROS EMISORES NACIONALES","BANCO MUNDO MUJER S.A.","14936672997.24"
"130115","OTROS EMISORES NACIONALES","BANCO PICHINCHA S.A.","46629600000"
"130115","OTROS EMISORES NACIONALES","CREDIFAMILIA COPAÑIA DE FINANC S.A.","29510609100"
"130115","OTROS EMISORES NACIONALES","BANCO FINANDINA S.A.","40886719151.98"
"130115","OTROS EMISORES NACIONALES","BANCO AGRARIO DE COLOMBIA S.A.","133314063850"
"130115","OTROS EMISORES NACIONALES","BBVA COLOMBIA S.A.","561376190903.12"
"130115","OTROS EMISORES NACIONALES","ITAU COLOMBIA S.A.","35720650000"
"130115","OTROS EMISORES NACIONALES","GIROS Y FINANZAS  S.A. C.F","17871969431"
"130115","OTROS EMISORES NACIONALES","BANCO CAJA SOCIAL S.A.","93795601000"
"130115","OTROS EMISORES NACIONALES","BANCO POPULAR","144738103525.03"
"130115","OTROS EMISORES NACIONALES","BANCO COMERCIAL AV VILLAS S.A.","146741380000"
"130115","OTROS EMISORES NACIONALES","BANCO W S.A.","37875909132"
"130115","OTROS EMISORES NACIONALES","BANCO COOMEVA S.A.","212065126830"
"130115","OTROS EMISORES NACIONALES","EL BANCO COOPERATIVO COOPCENTRAL","66198962050"
"130115","OTROS EMISORES NACIONALES","COTRAFA COOPERATIVA FINANCIERA","31099805351"
"130115","OTROS EMISORES NACIONALES","BANCO DE BOGOTA S.A.","482400511648.83"
"130115","OTROS EMISORES NACIONALES","MI BANCO S.A.","506445000"
"130115","OTROS EMISORES NACIONALES","BANCAMIA S.A.","11520919470.05"
"130115","OTROS EMISORES NACIONALES","BANCOLOMBIA S.A.","489461537811.35"
"130120","EMISORES EXTRANJEROS","BANCO DE BOGOTA S.A.","60901161536"
"130120","EMISORES EXTRANJEROS","BANCOLOMBIA S.A.","2382639034634"
"130120","EMISORES EXTRANJEROS","BANCO DAVIVIENDA S.A.","11852997407.81"
"130120","EMISORES EXTRANJEROS","SCOTIABANK COLPATRIA S.A.","244686757293.72"
"130120","EMISORES EXTRANJEROS","BANCO DE OCCIDENTE S.A.","16241888557.02"
"130120","EMISORES EXTRANJEROS","BANCO AGRARIO DE COLOMBIA S.A.","57983059735.78"
"130200","INVERSIONES A VALOR RAZONABLE CON CAMBIOS EN RESULTADOS - INSTRUMENTOS DE PATRIMONIO","COOPERATIVA FINANCIERA DE ANTIOQUIA","30222688863.16"
"130200","INVERSIONES A VALOR RAZONABLE CON CAMBIOS EN RESULTADOS - INSTRUMENTOS DE PATRIMONIO","ITAU COLOMBIA S.A.","11571624398.79"
"130200","INVERSIONES A VALOR RAZONABLE CON CAMBIOS EN RESULTADOS - INSTRUMENTOS DE PATRIMONIO","GM FINANCIAL COLOMBIA S.A.","312856853"
"130200","INVERSIONES A VALOR RAZONABLE CON CAMBIOS EN RESULTADOS - INSTRUMENTOS DE PATRIMONIO","BANCO COMERCIAL AV VILLAS S.A.","9798159201.25"
"130200","INVERSIONES A VALOR RAZONABLE CON CAMBIOS EN RESULTADOS - INSTRUMENTOS DE PATRIMONIO","MI BANCO S.A.","2202629873.55"
"130200","INVERSIONES A VALOR RAZONABLE CON CAMBIOS EN RESULTADOS - INSTRUMENTOS DE PATRIMONIO","CREZCAMOS COMPAÑIA DE FINANCIA S.A.","3627710059.57"
"130200","INVERSIONES A VALOR RAZONABLE CON CAMBIOS EN RESULTADOS - INSTRUMENTOS DE PATRIMONIO","BANCAMIA S.A.","1992058823.24"
"130200","INVERSIONES A VALOR RAZONABLE CON CAMBIOS EN RESULTADOS - INSTRUMENTOS DE PATRIMONIO","BANCO GNB SUDAMERIS S.A.","502343913574.65"
"130200","INVERSIONES A VALOR RAZONABLE CON CAMBIOS EN RESULTADOS - INSTRUMENTOS DE PATRIMONIO","BANCOLOMBIA S.A.","18.71"
"130200","INVERSIONES A VALOR RAZONABLE CON CAMBIOS EN RESULTADOS - INSTRUMENTOS DE PATRIMONIO","BANCO DE BOGOTA S.A.","352940854370.59"
"130200","INVERSIONES A VALOR RAZONABLE CON CAMBIOS EN RESULTADOS - INSTRUMENTOS DE PATRIMONIO","BANCO DAVIVIENDA S.A.","2342055781.99"
"130200","INVERSIONES A VALOR RAZONABLE CON CAMBIOS EN RESULTADOS - INSTRUMENTOS DE PATRIMONIO","BANCO POPULAR","88946624257.89"
"130200","INVERSIONES A VALOR RAZONABLE CON CAMBIOS EN RESULTADOS - INSTRUMENTOS DE PATRIMONIO","CONFIAR COOPERATIVA FINANCIERA","5953339541"
"130200","INVERSIONES A VALOR RAZONABLE CON CAMBIOS EN RESULTADOS - INSTRUMENTOS DE PATRIMONIO","BANCO PICHINCHA S.A.","92332530855.48"
"130200","INVERSIONES A VALOR RAZONABLE CON CAMBIOS EN RESULTADOS - INSTRUMENTOS DE PATRIMONIO","BANCO FINANDINA S.A.","622365608.17"
"130200","INVERSIONES A VALOR RAZONABLE CON CAMBIOS EN RESULTADOS - INSTRUMENTOS DE PATRIMONIO","BANCO CAJA SOCIAL S.A.","234074976.84"
"130200","INVERSIONES A VALOR RAZONABLE CON CAMBIOS EN RESULTADOS - INSTRUMENTOS DE PATRIMONIO","BANCO MUNDO MUJER S.A.","63537130369.06"
"130200","INVERSIONES A VALOR RAZONABLE CON CAMBIOS EN RESULTADOS - INSTRUMENTOS DE PATRIMONIO","BANCO W S.A.","124167560804"
"130200","INVERSIONES A VALOR RAZONABLE CON CAMBIOS EN RESULTADOS - INSTRUMENTOS DE PATRIMONIO","FINANCIERA JURISCOOP S.A.","2262340225.9"
"130200","INVERSIONES A VALOR RAZONABLE CON CAMBIOS EN RESULTADOS - INSTRUMENTOS DE PATRIMONIO","EL BANCO COOPERATIVO COOPCENTRAL","999408548.78"
"130200","INVERSIONES A VALOR RAZONABLE CON CAMBIOS EN RESULTADOS - INSTRUMENTOS DE PATRIMONIO","COMPAÑIA DE FINANCIAMIENTO TUYA S.A","8088772179.13"
"130200","INVERSIONES A VALOR RAZONABLE CON CAMBIOS EN RESULTADOS - INSTRUMENTOS DE PATRIMONIO","LA HIPOTECARIA COMPAÑÍA DE FIN S.A.","126648401.93"
"130200","INVERSIONES A VALOR RAZONABLE CON CAMBIOS EN RESULTADOS - INSTRUMENTOS DE PATRIMONIO","BANCO SERFINANZA S.A.","1391639618.88"
"130200","INVERSIONES A VALOR RAZONABLE CON CAMBIOS EN RESULTADOS - INSTRUMENTOS DE PATRIMONIO","BANCIEN S.A.","24905944753.2"
"130200","INVERSIONES A VALOR RAZONABLE CON CAMBIOS EN RESULTADOS - INSTRUMENTOS DE PATRIMONIO","COTRAFA COOPERATIVA FINANCIERA","2492507963"
"130200","INVERSIONES A VALOR RAZONABLE CON CAMBIOS EN RESULTADOS - INSTRUMENTOS DE PATRIMONIO","COOP FINANC EMPRESAS PUBL COOFINEP","834561192"
"130200","INVERSIONES A VALOR RAZONABLE CON CAMBIOS EN RESULTADOS - INSTRUMENTOS DE PATRIMONIO","RCI COLOMBIA S.A. COMPAÑIA DE FINAN","14903565550.86"
"130200","INVERSIONES A VALOR RAZONABLE CON CAMBIOS EN RESULTADOS - INSTRUMENTOS DE PATRIMONIO","BANCO DE OCCIDENTE S.A.","296833781260.4"
"130200","INVERSIONES A VALOR RAZONABLE CON CAMBIOS EN RESULTADOS - INSTRUMENTOS DE PATRIMONIO","CREDIFAMILIA COPAÑIA DE FINANC S.A.","787120785.96"
"130205","EMISORES NACIONALES","MI BANCO S.A.","2202629873.55"
"130205","EMISORES NACIONALES","BANCO GNB SUDAMERIS S.A.","502343913574.65"
"130205","EMISORES NACIONALES","BANCO SERFINANZA S.A.","1391639618.88"
"130205","EMISORES NACIONALES","COOP FINANC EMPRESAS PUBL COOFINEP","834561192"
"130205","EMISORES NACIONALES","BANCO FINANDINA S.A.","622365608.17"
"130205","EMISORES NACIONALES","EL BANCO COOPERATIVO COOPCENTRAL","999408548.78"
"130205","EMISORES NACIONALES","COMPAÑIA DE FINANCIAMIENTO TUYA S.A","8088772179.13"
"130205","EMISORES NACIONALES","GM FINANCIAL COLOMBIA S.A.","312856853"
"130205","EMISORES NACIONALES","BANCO COMERCIAL AV VILLAS S.A.","9798159201.25"
"130205","EMISORES NACIONALES","BANCO DE BOGOTA S.A.","352940854370.59"
"130205","EMISORES NACIONALES","BANCO CAJA SOCIAL S.A.","234074976.84"
"130205","EMISORES NACIONALES","BANCO W S.A.","124167560804"
"130205","EMISORES NACIONALES","BANCO POPULAR","88946624257.89"
"130205","EMISORES NACIONALES","FINANCIERA JURISCOOP S.A.","2262340225.9"
"130205","EMISORES NACIONALES","BANCO PICHINCHA S.A.","92332530855.48"
"130205","EMISORES NACIONALES","CREDIFAMILIA COPAÑIA DE FINANC S.A.","787120785.96"
"130205","EMISORES NACIONALES","LA HIPOTECARIA COMPAÑÍA DE FIN S.A.","126648401.93"
"130205","EMISORES NACIONALES","BANCO DE OCCIDENTE S.A.","296833781260.4"
"130205","EMISORES NACIONALES","BANCOLOMBIA S.A.","18.71"
"130205","EMISORES NACIONALES","ITAU COLOMBIA S.A.","11571624398.79"
"130205","EMISORES NACIONALES","COTRAFA COOPERATIVA FINANCIERA","2492507963"
"130205","EMISORES NACIONALES","CREZCAMOS COMPAÑIA DE FINANCIA S.A.","3627710059.57"
"130205","EMISORES NACIONALES","BANCO MUNDO MUJER S.A.","63537130369.06"
"130205","EMISORES NACIONALES","BANCIEN S.A.","24905944753.2"
"130205","EMISORES NACIONALES","BANCAMIA S.A.","1992058823.24"
"130205","EMISORES NACIONALES","CONFIAR COOPERATIVA FINANCIERA","5953339541"
"130205","EMISORES NACIONALES","RCI COLOMBIA S.A. COMPAÑIA DE FINAN","14903565550.86"
"130205","EMISORES NACIONALES","COOPERATIVA FINANCIERA DE ANTIOQUIA","30222688863.16"
"130210","EMISORES EXTRANJEROS","BANCO DAVIVIENDA S.A.","2342055781.99"
"130210","EMISORES EXTRANJEROS","BANCOLOMBIA S.A.","0"
"130300","INVERSIONES A COSTO AMORTIZADO","BANCO AGRARIO DE COLOMBIA S.A.","7753235948761.96"
"130300","INVERSIONES A COSTO AMORTIZADO","FINANCIERA JURISCOOP S.A.","42880616663.97"
"130300","INVERSIONES A COSTO AMORTIZADO","BANCO COMERCIAL AV VILLAS S.A.","441117553083.14"
"130300","INVERSIONES A COSTO AMORTIZADO","BANCO SERFINANZA S.A.","57347078154.1"
"130300","INVERSIONES A COSTO AMORTIZADO","MI BANCO S.A.","27236096479.8"
"130300","INVERSIONES A COSTO AMORTIZADO","COTRAFA COOPERATIVA FINANCIERA","46169124549"
"130300","INVERSIONES A COSTO AMORTIZADO","LA HIPOTECARIA COMPAÑÍA DE FIN S.A.","2159279244.95"
"130300","INVERSIONES A COSTO AMORTIZADO","COOPERATIVA FINANCIERA DE ANTIOQUIA","7152848570.48"
"130300","INVERSIONES A COSTO AMORTIZADO","BANCO POPULAR","1064296059384.24"
"130300","INVERSIONES A COSTO AMORTIZADO","BANCO FINANDINA S.A.","49566635175.81"
"130300","INVERSIONES A COSTO AMORTIZADO","ITAU COLOMBIA S.A.","340684307911.62"
"130300","INVERSIONES A COSTO AMORTIZADO","CONFIAR COOPERATIVA FINANCIERA","54430985722"
"130300","INVERSIONES A COSTO AMORTIZADO","BANCO DAVIVIENDA S.A.","2552259730012.77"
"130300","INVERSIONES A COSTO AMORTIZADO","SCOTIABANK COLPATRIA S.A.","652854002501.38"
"130300","INVERSIONES A COSTO AMORTIZADO","EL BANCO COOPERATIVO COOPCENTRAL","49587680405.24"
"130300","INVERSIONES A COSTO AMORTIZADO","RCI COLOMBIA S.A. COMPAÑIA DE FINAN","6141485786.71"
"130300","INVERSIONES A COSTO AMORTIZADO","COMPAÑIA DE FINANCIAMIENTO TUYA S.A","111257798320.13"
"130300","INVERSIONES A COSTO AMORTIZADO","BBVA COLOMBIA S.A.","2126652506956.81"
"130300","INVERSIONES A COSTO AMORTIZADO","BANCO COOMEVA S.A.","153223446753"
"130300","INVERSIONES A COSTO AMORTIZADO","COOP FINANC EMPRESAS PUBL COOFINEP","9803659319"
"130300","INVERSIONES A COSTO AMORTIZADO","BANCO DE BOGOTA S.A.","1888153474867.87"
"130300","INVERSIONES A COSTO AMORTIZADO","BANCO FALABELLA S.A.","154503412618"
"130300","INVERSIONES A COSTO AMORTIZADO","COLTEFINANCIERA S.A.","16808528666.1"
"130300","INVERSIONES A COSTO AMORTIZADO","BANCO DE OCCIDENTE S.A.","885682944891.15"
"130300","INVERSIONES A COSTO AMORTIZADO","BANCO W S.A.","19758464163"
"130300","INVERSIONES A COSTO AMORTIZADO","BANCIEN S.A.","36182157947.04"
"130300","INVERSIONES A COSTO AMORTIZADO","BANCO MUNDO MUJER S.A.","30616816609.37"
"130300","INVERSIONES A COSTO AMORTIZADO","CREZCAMOS COMPAÑIA DE FINANCIA S.A.","3257397039.5"
"130300","INVERSIONES A COSTO AMORTIZADO","COOPKENNEDY","81899151868.09"
"130300","INVERSIONES A COSTO AMORTIZADO","BANCO SANTANDER","117050434759.86"
"130300","INVERSIONES A COSTO AMORTIZADO","GIROS Y FINANZAS  S.A. C.F","4911582998"
"130300","INVERSIONES A COSTO AMORTIZADO","IRIS CF COMPAÑIA DE FINANCIAMIEN SA","7287230924.26"
"130300","INVERSIONES A COSTO AMORTIZADO","BANCO CAJA SOCIAL S.A.","1156612623007.94"
"130300","INVERSIONES A COSTO AMORTIZADO","GM FINANCIAL COLOMBIA S.A.","11920345452"
"130300","INVERSIONES A COSTO AMORTIZADO","CREDIFAMILIA COPAÑIA DE FINANC S.A.","1388386426.28"
"130300","INVERSIONES A COSTO AMORTIZADO","BANCOLOMBIA S.A.","2597519317565.04"
"130300","INVERSIONES A COSTO AMORTIZADO","PAGOS INTERNACIONALES","840134845.34"
"130300","INVERSIONES A COSTO AMORTIZADO","BANCO GNB SUDAMERIS S.A.","1048701489317.14"
"130305","TITULOS DE TESORERIA - TES","BANCO POPULAR","141281584087.1"
"130305","TITULOS DE TESORERIA - TES","BANCO SANTANDER","44631249937.97"
"130305","TITULOS DE TESORERIA - TES","BANCO AGRARIO DE COLOMBIA S.A.","7753235948761.96"
"130305","TITULOS DE TESORERIA - TES","BANCOLOMBIA S.A.","0"
"130305","TITULOS DE TESORERIA - TES","BBVA COLOMBIA S.A.","47760340169.15"
"130305","TITULOS DE TESORERIA - TES","BANCO CAJA SOCIAL S.A.","119442439632.08"
"130310","OTROS TITULOS EMITIDOS POR EL GOBIERNO NACIONAL","COOPERATIVA FINANCIERA DE ANTIOQUIA","7152848570.48"
"130310","OTROS TITULOS EMITIDOS POR EL GOBIERNO NACIONAL","BANCO SANTANDER","72419184821.89"
"130310","OTROS TITULOS EMITIDOS POR EL GOBIERNO NACIONAL","BANCO DAVIVIENDA S.A.","1846207300338.67"
"130310","OTROS TITULOS EMITIDOS POR EL GOBIERNO NACIONAL","BANCO GNB SUDAMERIS S.A.","320368480249.44"
"130310","OTROS TITULOS EMITIDOS POR EL GOBIERNO NACIONAL","FINANCIERA JURISCOOP S.A.","40503631737.79"
"130310","OTROS TITULOS EMITIDOS POR EL GOBIERNO NACIONAL","BANCO POPULAR","923014475297.14"
"130310","OTROS TITULOS EMITIDOS POR EL GOBIERNO NACIONAL","EL BANCO COOPERATIVO COOPCENTRAL","15160366030.58"
"130310","OTROS TITULOS EMITIDOS POR EL GOBIERNO NACIONAL","IRIS CF COMPAÑIA DE FINANCIAMIEN SA","2606798561.59"
"130310","OTROS TITULOS EMITIDOS POR EL GOBIERNO NACIONAL","BANCO DE BOGOTA S.A.","1853008056763.4"
"130310","OTROS TITULOS EMITIDOS POR EL GOBIERNO NACIONAL","COTRAFA COOPERATIVA FINANCIERA","9258479727"
"130310","OTROS TITULOS EMITIDOS POR EL GOBIERNO NACIONAL","BANCO MUNDO MUJER S.A.","15153646233.48"
"130310","OTROS TITULOS EMITIDOS POR EL GOBIERNO NACIONAL","COOPKENNEDY","5571613527.65"
"130310","OTROS TITULOS EMITIDOS POR EL GOBIERNO NACIONAL","BBVA COLOMBIA S.A.","2059057756649.54"
"130310","OTROS TITULOS EMITIDOS POR EL GOBIERNO NACIONAL","CREZCAMOS COMPAÑIA DE FINANCIA S.A.","917236024.49"
"130310","OTROS TITULOS EMITIDOS POR EL GOBIERNO NACIONAL","BANCO CAJA SOCIAL S.A.","263870338301.56"
"130310","OTROS TITULOS EMITIDOS POR EL GOBIERNO NACIONAL","BANCOLOMBIA S.A.","0"
"130310","OTROS TITULOS EMITIDOS POR EL GOBIERNO NACIONAL","MI BANCO S.A.","7830712670.4"
"130310","OTROS TITULOS EMITIDOS POR EL GOBIERNO NACIONAL","CONFIAR COOPERATIVA FINANCIERA","44226399172"
"130310","OTROS TITULOS EMITIDOS POR EL GOBIERNO NACIONAL","BANCO COMERCIAL AV VILLAS S.A.","433288756011"
"130310","OTROS TITULOS EMITIDOS POR EL GOBIERNO NACIONAL","BANCO SERFINANZA S.A.","44992046900.8"
"130310","OTROS TITULOS EMITIDOS POR EL GOBIERNO NACIONAL","LA HIPOTECARIA COMPAÑÍA DE FIN S.A.","2159279244.95"
"130310","OTROS TITULOS EMITIDOS POR EL GOBIERNO NACIONAL","GM FINANCIAL COLOMBIA S.A.","11920345452"
"130310","OTROS TITULOS EMITIDOS POR EL GOBIERNO NACIONAL","PAGOS INTERNACIONALES","840134845.34"
"130310","OTROS TITULOS EMITIDOS POR EL GOBIERNO NACIONAL","BANCO W S.A.","397470035"
"130310","OTROS TITULOS EMITIDOS POR EL GOBIERNO NACIONAL","GIROS Y FINANZAS  S.A. C.F","4911582998"
"130310","OTROS TITULOS EMITIDOS POR EL GOBIERNO NACIONAL","RCI COLOMBIA S.A. COMPAÑIA DE FINAN","6141485786.71"
"130310","OTROS TITULOS EMITIDOS POR EL GOBIERNO NACIONAL","CREDIFAMILIA COPAÑIA DE FINANC S.A.","1388386426.28"
"130310","OTROS TITULOS EMITIDOS POR EL GOBIERNO NACIONAL","COMPAÑIA DE FINANCIAMIENTO TUYA S.A","111257798320.13"
"130315","OTROS EMISORES NACIONALES","CONFIAR COOPERATIVA FINANCIERA","10204586550"
"130315","OTROS EMISORES NACIONALES","COOP FINANC EMPRESAS PUBL COOFINEP","9803659319"
"130315","OTROS EMISORES NACIONALES","BANCO DE OCCIDENTE S.A.","866093812152"
"130315","OTROS EMISORES NACIONALES","ITAU COLOMBIA S.A.","340684307911.62"
"130315","OTROS EMISORES NACIONALES","BANCO W S.A.","19360994128"
"130315","OTROS EMISORES NACIONALES","BANCO FINANDINA S.A.","49566635175.81"
"130315","OTROS EMISORES NACIONALES","MI BANCO S.A.","19405383809.4"
"130315","OTROS EMISORES NACIONALES","BANCO COMERCIAL AV VILLAS S.A.","7828797072.14"
"130315","OTROS EMISORES NACIONALES","BANCO GNB SUDAMERIS S.A.","728333009067.7"
"130315","OTROS EMISORES NACIONALES","FINANCIERA JURISCOOP S.A.","2376984926.18"
"130315","OTROS EMISORES NACIONALES","CREZCAMOS COMPAÑIA DE FINANCIA S.A.","2340161015.01"
"130315","OTROS EMISORES NACIONALES","BANCOLOMBIA S.A.","2597519317565.04"
"130315","OTROS EMISORES NACIONALES","EL BANCO COOPERATIVO COOPCENTRAL","34427314374.66"
"130315","OTROS EMISORES NACIONALES","COOPKENNEDY","76327538340.44"
"130315","OTROS EMISORES NACIONALES","BANCIEN S.A.","36182157947.04"
"130315","OTROS EMISORES NACIONALES","BANCO FALABELLA S.A.","154503412618"
"130315","OTROS EMISORES NACIONALES","BANCO CAJA SOCIAL S.A.","773299845074.3"
"130315","OTROS EMISORES NACIONALES","COTRAFA COOPERATIVA FINANCIERA","36910644822"
"130315","OTROS EMISORES NACIONALES","BBVA COLOMBIA S.A.","19834410138.12"
"130315","OTROS EMISORES NACIONALES","BANCO SERFINANZA S.A.","12355031253.3"
"130315","OTROS EMISORES NACIONALES","BANCO MUNDO MUJER S.A.","15463170375.89"
"130315","OTROS EMISORES NACIONALES","BANCO DAVIVIENDA S.A.","557574958055.15"
"130315","OTROS EMISORES NACIONALES","IRIS CF COMPAÑIA DE FINANCIAMIEN SA","4680432362.67"
"130315","OTROS EMISORES NACIONALES","BANCO SANTANDER","0"
"130315","OTROS EMISORES NACIONALES","BANCO COOMEVA S.A.","153223446753"
"130315","OTROS EMISORES NACIONALES","COLTEFINANCIERA S.A.","16808528666.1"
"130315","OTROS EMISORES NACIONALES","SCOTIABANK COLPATRIA S.A.","652854002501.38"
"130320","EMISORES EXTRANJEROS","BANCO DE OCCIDENTE S.A.","19589132739.15"
"130320","EMISORES EXTRANJEROS","BANCOLOMBIA S.A.","0"
"130320","EMISORES EXTRANJEROS","BANCO DE BOGOTA S.A.","35145418104.47"
"130320","EMISORES EXTRANJEROS","BANCO DAVIVIENDA S.A.","148477471618.95"
"130400","INVERSIONES A VALOR RAZONABLE CON CAMBIOS EN EL ORI - INSTRUMENTOS DE PATRIMONIO","BANCOLOMBIA S.A.","279393053061.44"
"130400","INVERSIONES A VALOR RAZONABLE CON CAMBIOS EN EL ORI - INSTRUMENTOS DE PATRIMONIO","COOPERATIVA FINANCIERA DE ANTIOQUIA","730609960.33"
"130400","INVERSIONES A VALOR RAZONABLE CON CAMBIOS EN EL ORI - INSTRUMENTOS DE PATRIMONIO","BANCO PICHINCHA S.A.","168116400"
"130400","INVERSIONES A VALOR RAZONABLE CON CAMBIOS EN EL ORI - INSTRUMENTOS DE PATRIMONIO","CITIBANK - COLOMBIA","73517679852.66"
"130400","INVERSIONES A VALOR RAZONABLE CON CAMBIOS EN EL ORI - INSTRUMENTOS DE PATRIMONIO","BBVA COLOMBIA S.A.","236423661476.77"
"130400","INVERSIONES A VALOR RAZONABLE CON CAMBIOS EN EL ORI - INSTRUMENTOS DE PATRIMONIO","COTRAFA COOPERATIVA FINANCIERA","1049345848"
"130400","INVERSIONES A VALOR RAZONABLE CON CAMBIOS EN EL ORI - INSTRUMENTOS DE PATRIMONIO","FINANCIERA JURISCOOP S.A.","1324258235.28"
"130400","INVERSIONES A VALOR RAZONABLE CON CAMBIOS EN EL ORI - INSTRUMENTOS DE PATRIMONIO","BANCO POPULAR","101949550187.84"
"130400","INVERSIONES A VALOR RAZONABLE CON CAMBIOS EN EL ORI - INSTRUMENTOS DE PATRIMONIO","BANCO DAVIVIENDA S.A.","438327215033.49"
"130400","INVERSIONES A VALOR RAZONABLE CON CAMBIOS EN EL ORI - INSTRUMENTOS DE PATRIMONIO","BANCO DE BOGOTA S.A.","211830577304.71"
"130400","INVERSIONES A VALOR RAZONABLE CON CAMBIOS EN EL ORI - INSTRUMENTOS DE PATRIMONIO","BANCO COOMEVA S.A.","10164109014"
"130400","INVERSIONES A VALOR RAZONABLE CON CAMBIOS EN EL ORI - INSTRUMENTOS DE PATRIMONIO","COOP FINANC EMPRESAS PUBL COOFINEP","302241818"
"130400","INVERSIONES A VALOR RAZONABLE CON CAMBIOS EN EL ORI - INSTRUMENTOS DE PATRIMONIO","ITAU COLOMBIA S.A.","35453425200"
"130400","INVERSIONES A VALOR RAZONABLE CON CAMBIOS EN EL ORI - INSTRUMENTOS DE PATRIMONIO","COLTEFINANCIERA S.A.","8795074427.07"
"130400","INVERSIONES A VALOR RAZONABLE CON CAMBIOS EN EL ORI - INSTRUMENTOS DE PATRIMONIO","BANCO COMERCIAL AV VILLAS S.A.","60438721436.48"
"130400","INVERSIONES A VALOR RAZONABLE CON CAMBIOS EN EL ORI - INSTRUMENTOS DE PATRIMONIO","CONFIAR COOPERATIVA FINANCIERA","1721544439"
"130400","INVERSIONES A VALOR RAZONABLE CON CAMBIOS EN EL ORI - INSTRUMENTOS DE PATRIMONIO","BANCO FINANDINA S.A.","1362638430"
"130400","INVERSIONES A VALOR RAZONABLE CON CAMBIOS EN EL ORI - INSTRUMENTOS DE PATRIMONIO","SCOTIABANK COLPATRIA S.A.","62000184307.38"
"130400","INVERSIONES A VALOR RAZONABLE CON CAMBIOS EN EL ORI - INSTRUMENTOS DE PATRIMONIO","BANCO AGRARIO DE COLOMBIA S.A.","169165916993.75"
"130400","INVERSIONES A VALOR RAZONABLE CON CAMBIOS EN EL ORI - INSTRUMENTOS DE PATRIMONIO","MI BANCO S.A.","168116400"
"130400","INVERSIONES A VALOR RAZONABLE CON CAMBIOS EN EL ORI - INSTRUMENTOS DE PATRIMONIO","BANCIEN S.A.","1153177302.42"
"130400","INVERSIONES A VALOR RAZONABLE CON CAMBIOS EN EL ORI - INSTRUMENTOS DE PATRIMONIO","BANCO CAJA SOCIAL S.A.","125851394913.76"
"130400","INVERSIONES A VALOR RAZONABLE CON CAMBIOS EN EL ORI - INSTRUMENTOS DE PATRIMONIO","BANCO DE OCCIDENTE S.A.","82266305514.75"
"130405","EMISORES NACIONALES","BANCO COOMEVA S.A.","10164109014"
"130405","EMISORES NACIONALES","FINANCIERA JURISCOOP S.A.","1324258235.28"
"130405","EMISORES NACIONALES","COLTEFINANCIERA S.A.","8795074427.07"
"130405","EMISORES NACIONALES","SCOTIABANK COLPATRIA S.A.","62000184307.38"
"130405","EMISORES NACIONALES","BANCO DE BOGOTA S.A.","211815622104.93"
"130405","EMISORES NACIONALES","COOPERATIVA FINANCIERA DE ANTIOQUIA","730609960.33"
"130405","EMISORES NACIONALES","BANCOLOMBIA S.A.","275906998366.66"
"130405","EMISORES NACIONALES","BANCO COMERCIAL AV VILLAS S.A.","60438721436.48"
"130405","EMISORES NACIONALES","MI BANCO S.A.","168116400"
"130405","EMISORES NACIONALES","COTRAFA COOPERATIVA FINANCIERA","1049345848"
"130405","EMISORES NACIONALES","BANCO POPULAR","101845913124.8"
"130405","EMISORES NACIONALES","BBVA COLOMBIA S.A.","236423661476.77"
"130405","EMISORES NACIONALES","BANCO CAJA SOCIAL S.A.","125851394913.76"
"130405","EMISORES NACIONALES","BANCO FINANDINA S.A.","1362638430"
"130405","EMISORES NACIONALES","CITIBANK - COLOMBIA","73517679852.66"
"130405","EMISORES NACIONALES","BANCO DE OCCIDENTE S.A.","82266305514.75"
"130405","EMISORES NACIONALES","BANCIEN S.A.","1153177302.42"
"130405","EMISORES NACIONALES","ITAU COLOMBIA S.A.","35453425200"
"130405","EMISORES NACIONALES","BANCO AGRARIO DE COLOMBIA S.A.","169165916993.75"
"130405","EMISORES NACIONALES","COOP FINANC EMPRESAS PUBL COOFINEP","302241818"
"130405","EMISORES NACIONALES","BANCO DAVIVIENDA S.A.","436848025307.21"
"130405","EMISORES NACIONALES","BANCO PICHINCHA S.A.","168116400"
"130405","EMISORES NACIONALES","CONFIAR COOPERATIVA FINANCIERA","1721544439"
"130410","EMISORES EXTRANJEROS","BANCO DE BOGOTA S.A.","14955199.78"
"130410","EMISORES EXTRANJEROS","BANCO DAVIVIENDA S.A.","1479189726.28"
"130410","EMISORES EXTRANJEROS","BANCOLOMBIA S.A.","3486054694.78"
"130410","EMISORES EXTRANJEROS","BANCO POPULAR","103637063.04"
"130500","INVERSIONES A VALOR RAZONABLE CON CAMBIOS EN RESULTADOS ENTREGADOS EN OPERACIONES DE MERCADO MONETARIO - INSTRUMENTOS REPRESENTATIVOS DE DEUDA (DERECHOS DE TRANSFERENCIA)","CITIBANK - COLOMBIA","703538271999.98"
"130500","INVERSIONES A VALOR RAZONABLE CON CAMBIOS EN RESULTADOS ENTREGADOS EN OPERACIONES DE MERCADO MONETARIO - INSTRUMENTOS REPRESENTATIVOS DE DEUDA (DERECHOS DE TRANSFERENCIA)","BANCO FALABELLA S.A.","5499300000"
"130500","INVERSIONES A VALOR RAZONABLE CON CAMBIOS EN RESULTADOS ENTREGADOS EN OPERACIONES DE MERCADO MONETARIO - INSTRUMENTOS REPRESENTATIVOS DE DEUDA (DERECHOS DE TRANSFERENCIA)","BANCOLOMBIA S.A.","2741598898847.15"
"130500","INVERSIONES A VALOR RAZONABLE CON CAMBIOS EN RESULTADOS ENTREGADOS EN OPERACIONES DE MERCADO MONETARIO - INSTRUMENTOS REPRESENTATIVOS DE DEUDA (DERECHOS DE TRANSFERENCIA)","BANCO PICHINCHA S.A.","9981100000"
"130500","INVERSIONES A VALOR RAZONABLE CON CAMBIOS EN RESULTADOS ENTREGADOS EN OPERACIONES DE MERCADO MONETARIO - INSTRUMENTOS REPRESENTATIVOS DE DEUDA (DERECHOS DE TRANSFERENCIA)","SCOTIABANK COLPATRIA S.A.","691860700000"
"130500","INVERSIONES A VALOR RAZONABLE CON CAMBIOS EN RESULTADOS ENTREGADOS EN OPERACIONES DE MERCADO MONETARIO - INSTRUMENTOS REPRESENTATIVOS DE DEUDA (DERECHOS DE TRANSFERENCIA)","BANCO COOMEVA S.A.","5667690000"
"130500","INVERSIONES A VALOR RAZONABLE CON CAMBIOS EN RESULTADOS ENTREGADOS EN OPERACIONES DE MERCADO MONETARIO - INSTRUMENTOS REPRESENTATIVOS DE DEUDA (DERECHOS DE TRANSFERENCIA)","BANCO SANTANDER","60492498000"
"130500","INVERSIONES A VALOR RAZONABLE CON CAMBIOS EN RESULTADOS ENTREGADOS EN OPERACIONES DE MERCADO MONETARIO - INSTRUMENTOS REPRESENTATIVOS DE DEUDA (DERECHOS DE TRANSFERENCIA)","BANCO DAVIVIENDA S.A.","13198363200"
"130500","INVERSIONES A VALOR RAZONABLE CON CAMBIOS EN RESULTADOS ENTREGADOS EN OPERACIONES DE MERCADO MONETARIO - INSTRUMENTOS REPRESENTATIVOS DE DEUDA (DERECHOS DE TRANSFERENCIA)","BBVA COLOMBIA S.A.","42619727084.87"
"130500","INVERSIONES A VALOR RAZONABLE CON CAMBIOS EN RESULTADOS ENTREGADOS EN OPERACIONES DE MERCADO MONETARIO - INSTRUMENTOS REPRESENTATIVOS DE DEUDA (DERECHOS DE TRANSFERENCIA)","ITAU COLOMBIA S.A.","6039617591.5"
"130505","TITULOS DE TESORERIA #TES","CITIBANK - COLOMBIA","703538271999.98"
"130505","TITULOS DE TESORERIA #TES","SCOTIABANK COLPATRIA S.A.","691860700000"
"130505","TITULOS DE TESORERIA #TES","BANCO FALABELLA S.A.","5499300000"
"130505","TITULOS DE TESORERIA #TES","BANCOLOMBIA S.A.","2741598898847.15"
"130505","TITULOS DE TESORERIA #TES","BANCO SANTANDER","60492498000"
"130505","TITULOS DE TESORERIA #TES","BANCO PICHINCHA S.A.","9981100000"
"130505","TITULOS DE TESORERIA #TES","ITAU COLOMBIA S.A.","6039617591.5"
"130505","TITULOS DE TESORERIA #TES","BANCO DAVIVIENDA S.A.","13198363200"
"130505","TITULOS DE TESORERIA #TES","BBVA COLOMBIA S.A.","42619727084.87"
"130510","OTROS TITULOS EMITIDOS POR EL GOBIERNO NACIONAL","BANCOLOMBIA S.A.","0"
"130515","OTROS EMISORES NACIONALES","BANCO COOMEVA S.A.","5667690000"
"130515","OTROS EMISORES NACIONALES","BANCOLOMBIA S.A.","0"
"130520","EMISORES EXTRANJEROS","BANCOLOMBIA S.A.","0"
"130600","INVERSIONES A VALOR RAZONABLE CON CAMBIOS EN RESULTADOS ENTREGADOS EN OPERACIONES DE MERCADO MONETARIO - INSTRUMENTOS DE PATRIMONIO (DERECHOS DE TRANSFERENCIA)","BANCOLOMBIA S.A.","0"
"130605","EMISORES NACIONALES","BANCOLOMBIA S.A.","0"
"130610","EMISORES EXTRANJEROS","BANCOLOMBIA S.A.","0"
"130700","INVERSIONES A COSTO AMORTIZADO CON CAMBIOS EN RESULTADOS ENTREGADOS EN OPERACIONES DE MERCADO MONETARIO - INSTRUMENTOS REPRESENTATIVOS DE DEUDA (DERECHOS DE TRANSFERENCIA)","BANCO W S.A.","12501423362"
"130700","INVERSIONES A COSTO AMORTIZADO CON CAMBIOS EN RESULTADOS ENTREGADOS EN OPERACIONES DE MERCADO MONETARIO - INSTRUMENTOS REPRESENTATIVOS DE DEUDA (DERECHOS DE TRANSFERENCIA)","BANCO DE BOGOTA S.A.","790752764762.04"
"130700","INVERSIONES A COSTO AMORTIZADO CON CAMBIOS EN RESULTADOS ENTREGADOS EN OPERACIONES DE MERCADO MONETARIO - INSTRUMENTOS REPRESENTATIVOS DE DEUDA (DERECHOS DE TRANSFERENCIA)","GIROS Y FINANZAS  S.A. C.F","10413980736"
"130700","INVERSIONES A COSTO AMORTIZADO CON CAMBIOS EN RESULTADOS ENTREGADOS EN OPERACIONES DE MERCADO MONETARIO - INSTRUMENTOS REPRESENTATIVOS DE DEUDA (DERECHOS DE TRANSFERENCIA)","BANCO SANTANDER","0"
"130700","INVERSIONES A COSTO AMORTIZADO CON CAMBIOS EN RESULTADOS ENTREGADOS EN OPERACIONES DE MERCADO MONETARIO - INSTRUMENTOS REPRESENTATIVOS DE DEUDA (DERECHOS DE TRANSFERENCIA)","BANCO DAVIVIENDA S.A.","461893161600"
"130700","INVERSIONES A COSTO AMORTIZADO CON CAMBIOS EN RESULTADOS ENTREGADOS EN OPERACIONES DE MERCADO MONETARIO - INSTRUMENTOS REPRESENTATIVOS DE DEUDA (DERECHOS DE TRANSFERENCIA)","BANCOLOMBIA S.A.","0"
"130700","INVERSIONES A COSTO AMORTIZADO CON CAMBIOS EN RESULTADOS ENTREGADOS EN OPERACIONES DE MERCADO MONETARIO - INSTRUMENTOS REPRESENTATIVOS DE DEUDA (DERECHOS DE TRANSFERENCIA)","COLTEFINANCIERA S.A.","8613855062.3"
"130705","TITULOS DE TESORERIA #TES","BANCOLOMBIA S.A.","0"
"130710","OTROS TITULOS EMITIDOS POR EL GOBIERNO NACIONAL","BANCO DE BOGOTA S.A.","790752764762.04"
"130710","OTROS TITULOS EMITIDOS POR EL GOBIERNO NACIONAL","BANCOLOMBIA S.A.","0"
"130710","OTROS TITULOS EMITIDOS POR EL GOBIERNO NACIONAL","BANCO DAVIVIENDA S.A.","461893161600"
"130710","OTROS TITULOS EMITIDOS POR EL GOBIERNO NACIONAL","COLTEFINANCIERA S.A.","6518571062.3"
"130710","OTROS TITULOS EMITIDOS POR EL GOBIERNO NACIONAL","BANCO SANTANDER","0"
"130710","OTROS TITULOS EMITIDOS POR EL GOBIERNO NACIONAL","BANCO W S.A.","12501423362"
"130715","OTROS EMISORES NACIONALES","BANCO SANTANDER","0"
"130715","OTROS EMISORES NACIONALES","COLTEFINANCIERA S.A.","2095284000"
"130715","OTROS EMISORES NACIONALES","BANCOLOMBIA S.A.","0"
"130715","OTROS EMISORES NACIONALES","GIROS Y FINANZAS  S.A. C.F","10413980736"
"130720","EMISORES EXTRANJEROS","BANCOLOMBIA S.A.","0"
"130800","INVERSIONES A VALOR RAZONABLE CON CAMBIOS EN EL ORI ENTREGADOS EN OPERACIONES DE MERCADO MONETARIO - INSTRUMENTOS DE PATRIMONIO","BANCOLOMBIA S.A.","0"
"130805","EMISORES NACIONALES","BANCOLOMBIA S.A.","0"
"130810","EMISORES EXTRANJEROS","BANCOLOMBIA S.A.","0"
"130900","INVERSIONES A VALOR RAZONABLE CON CAMBIOS EN RESULTADOS ENTREGADAS EN GARANTIA DE OPERACIONES CON INSTRUMENTOS DERIVADOS - INSTRUMENTOS REPRESENTATIVOS DE DEUDA","BANCOLOMBIA S.A.","274817659996.55"
"130900","INVERSIONES A VALOR RAZONABLE CON CAMBIOS EN RESULTADOS ENTREGADAS EN GARANTIA DE OPERACIONES CON INSTRUMENTOS DERIVADOS - INSTRUMENTOS REPRESENTATIVOS DE DEUDA","SCOTIABANK COLPATRIA S.A.","2241481221.48"
"130900","INVERSIONES A VALOR RAZONABLE CON CAMBIOS EN RESULTADOS ENTREGADAS EN GARANTIA DE OPERACIONES CON INSTRUMENTOS DERIVADOS - INSTRUMENTOS REPRESENTATIVOS DE DEUDA","BANCO AGRARIO DE COLOMBIA S.A.","131545567300"
"130900","INVERSIONES A VALOR RAZONABLE CON CAMBIOS EN RESULTADOS ENTREGADAS EN GARANTIA DE OPERACIONES CON INSTRUMENTOS DERIVADOS - INSTRUMENTOS REPRESENTATIVOS DE DEUDA","CITIBANK - COLOMBIA","67986578000.08"
"130905","TITULOS DE TESORERIA #TES","BANCOLOMBIA S.A.","274817659996.55"
"130905","TITULOS DE TESORERIA #TES","BANCO AGRARIO DE COLOMBIA S.A.","131545567300"
"130905","TITULOS DE TESORERIA #TES","CITIBANK - COLOMBIA","67986578000.08"
"130910","OTROS TITULOS EMITIDOS POR EL GOBIERNO NACIONAL","BANCOLOMBIA S.A.","0"
"130915","OTROS EMISORES NACIONALES","BANCOLOMBIA S.A.","0"
